DefId,Syn_Count,Hir_Count,Def_Count,Total_Count
tracing_core[5cb0]::callsite::Callsite::metadata,216,1533,12705,14454
tracing_core[5cb0]::metadata::{impl#6}::DEBUG,142,2337,10686,13165
core[4720]::cmp::PartialOrd::le,167,1225,9847,11239
core[4720]::fmt::rt::{impl#0}::new_display,49,529,8556,9134
tracing_core[5cb0]::metadata::{impl#6}::WARN,133,791,7574,8498
core[4720]::fmt::rt::{impl#1}::new_v1,71,597,7772,8440
tracing_core[5cb0]::metadata::{impl#0}::fields,126,858,7408,8392
core[4720]::iter::traits::iterator::Iterator::next,235,475,6588,7298
core[4720]::ops::control_flow::ControlFlow::Continue,458,102,6313,6873
core[4720]::ops::control_flow::ControlFlow::Break,458,102,6313,6873
core[4720]::ops::try_trait::FromResidual::from_residual,458,102,6313,6873
core[4720]::ops::try_trait::Try::branch,458,102,6313,6873
core[4720]::iter::traits::collect::IntoIterator::into_iter,242,493,6120,6855
tracing_core[5cb0]::metadata::{impl#6}::INFO,100,727,5547,6374
tracing_core[5cb0]::metadata::{impl#6}::ERROR,90,714,5410,6214
tracing_core[5cb0]::metadata::{impl#6}::TRACE,91,314,5710,6115
core[4720]::option::Option::None,225,455,5306,5986
core[4720]::option::Option::Some,225,455,5306,5986
core[4720]::option::{impl#0}::expect,82,576,4471,5129
core[4720]::cmp::PartialEq::eq,41,143,4758,4942
proc_macro2[7ed2]::{impl#0}::new,35,0,4825,4860
tracing_core[5cb0]::field::{impl#48}::new,40,803,3940,4783
tracing_core[5cb0]::metadata::{impl#0}::new,40,803,3939,4782
tracing_core[5cb0]::callsite::{impl#0}::new,42,807,3932,4781
core[4720]::convert::Into::into,21,74,4287,4382
tracing_core[5cb0]::field::{impl#48}::value_set,64,430,3726,4220
tracing_core[5cb0]::field::{impl#48}::iter,62,428,3682,4172
tracing[3c75]::__macro_support::{impl#0}::as_str,35,763,2871,3669
tracing[3c75]::__macro_support::{impl#0}::new,35,760,2874,3669
core[4720]::ops::index::Index::index,86,115,3349,3550
tracing_core[5cb0]::metadata::{impl#2}::EVENT,24,556,2741,3321
core[4720]::ops::function::Fn::call,49,402,2301,2752
log[e6a5]::Log::enabled,38,306,2272,2616
log[e6a5]::{impl#16}::level,38,306,2272,2616
log[e6a5]::{impl#16}::build,38,306,2272,2616
log[e6a5]::{impl#16}::target,38,306,2272,2616
tracing_core[5cb0]::metadata::{impl#0}::target,38,306,2272,2616
log[e6a5]::{impl#15}::builder,38,306,2272,2616
alloc[27b0]::vec::{impl#1}::push,41,60,2395,2496
core[4720]::slice::{impl#0}::iter,26,151,2251,2428
rustc_span[d94c]::symbol::{impl#14}::new,0,0,2343,2343
core[4720]::fmt::rt::{impl#0}::new_debug,16,260,2014,2290
tracing_core[5cb0]::metadata::{impl#13}::current,33,255,1994,2282
tracing_core[5cb0]::callsite::{impl#0}::interest,32,215,1865,2112
tracing_core[5cb0]::subscriber::{impl#4}::is_never,32,215,1865,2112
core[4720]::ops::range::Range,15,6,2038,2059
proc_macro2[7ed2]::Delimiter::Parenthesis::{constructor#0},7,0,1925,1932
core[4720]::fmt::rt::{impl#1}::new_const,32,108,1682,1822
core[4720]::slice::{impl#0}::len,29,19,1772,1820
core[4720]::convert::From::from,35,18,1747,1800
core[4720]::clone::Clone::clone,27,26,1741,1794
core[4720]::result::{impl#0}::unwrap,26,3,1760,1789
core[4720]::fmt::rt::Count::Implied::{constructor#0},2,60,1637,1699
core[4720]::slice::{impl#0}::contains,0,157,1402,1559
core[4720]::iter::traits::iterator::Iterator::collect,19,89,1414,1522
core[4720]::iter::traits::iterator::Iterator::map,13,101,1399,1513
alloc[27b0]::vec::{impl#0}::new,96,75,1342,1513
tracing_core[5cb0]::metadata::{impl#2}::SPAN,16,247,1196,1459
core[4720]::option::{impl#0}::unwrap,36,73,1321,1430
alloc[27b0]::string::ToString::to_string,16,62,1286,1364
alloc[27b0]::boxed::{impl#0}::new,130,1,1186,1317
tracing_core[5cb0]::event::{impl#0}::dispatch,19,153,1136,1308
core[4720]::ops::range::RangeFrom,56,9,1226,1291
alloc[27b0]::slice::{impl#0}::into_vec,4,210,998,1212
indexmap[01a7]::set::{impl#4}::insert,0,11,1075,1086
core[4720]::default::Default::default,17,47,1010,1074
core[4720]::fmt::rt::Placeholder,2,30,1033,1065
core[4720]::option::{impl#0}::map,74,53,927,1054
std[93f5]::collections::hash::map::{impl#2}::get_mut,0,0,1021,1021
include_dir[d667]::file::{impl#0}::new,0,0,1016,1016
rustc_query_impl[4791]::plumbing::{impl#0}::new,20,34,944,998
rustc_query_impl[4791]::QueryConfigRestored::config,20,34,943,997
core[4720]::cmp::PartialEq::ne,12,24,887,923
proc_macro2[7ed2]::Delimiter::Brace::{constructor#0},0,0,899,899
core[4720]::option::{impl#0}::is_none,32,27,761,820
alloc[27b0]::vec::{impl#1}::len,13,36,759,808
rustc_lint_defs[5d42]::{impl#7}::default_fields_for_macro,7,0,797,804
tracing[3c75]::span::{impl#0}::new,13,62,727,802
tracing[3c75]::span::{impl#0}::record_all,13,62,727,802
tracing_core[5cb0]::subscriber::{impl#4}::never,13,62,727,802
core[4720]::option::{impl#0}::is_some,31,48,710,789
core[4720]::result::{impl#0}::and_then,1,0,767,768
core[4720]::convert::AsRef::as_ref,25,0,729,754
core[4720]::ops::index::IndexMut::index_mut,16,3,724,743
core[4720]::ops::function::FnMut::call_mut,12,21,677,710
core[4720]::num::{impl#11}::wrapping_add,0,0,702,702
alloc[27b0]::string::{impl#0}::push_str,5,1,689,695
core[4720]::ops::range::RangeTo,7,1,664,672
alloc[27b0]::borrow::ToOwned::to_owned,34,6,608,648
tracing[3c75]::span::{impl#0}::entered,12,22,593,627
core[4720]::option::{impl#0}::unwrap_or,6,27,579,612
rustc_lint[ad2f]::context::{impl#5}::typeck_results,1,0,604,605
core[4720]::str::{impl#0}::len,11,0,546,557
alloc[27b0]::vec::{impl#2}::extend_from_slice,3,0,532,535
core[4720]::result::{impl#0}::map,57,2,469,528
proc_macro2[7ed2]::Delimiter::Bracket::{constructor#0},8,0,520,528
core[4720]::ops::bit::BitOr::bitor,1,0,524,525
core[4720]::str::{impl#0}::parse,4,0,518,522
rustc_errors[740a]::codes::{impl#1}::from_u32,0,0,517,517
core[4720]::iter::traits::iterator::Iterator::any,0,24,477,501
