name,phi_score,classification,dominant_prime,size,address
_ZN91_$LT$tracing_subscriber..registry..sharded..DataInner$u20$as$u20$core..default..Default$GT$7default13NULL_METADATA17ha58972ae8538c436E,1.3370,HighMonster,2,120,228906640
_ZN4jiff3fmt8friendly6parser10SpanParser17parse_suffix_sign17h8fc167860aa70cebE,1.3339,HighMonster,2,728,71521760
_ZN4jiff3fmt8friendly7printer16DesignatorWriter23maybe_write_suffix_sign17h33155d21799660b9E,1.2819,HighMonster,2,91,72033632
_ZN17rustc_driver_impl14describe_lints16sort_lint_groups17hca8852de193b033aE,1.2805,HighMonster,2,232,69636064
_ZN18tracing_subscriber6filter3env5field10ValueMatch15parse_non_regex17hb5ed8b6f0f62c26eE,1.2669,HighMonster,2,161,70988432
_ZN73_$LT$$RF$alloc..string..String$u20$as$u20$core..str..pattern..Pattern$GT$12is_prefix_of17hef1909e852a0f037E,1.2544,HighMonster,2,143,70603824
_ZN55_$LT$$RF$str$u20$as$u20$core..str..pattern..Pattern$GT$12is_prefix_of17h9be21b9e75621fffE,1.2544,HighMonster,2,63,71141856
_ZN4jiff3fmt8friendly6parser10SpanParser17parse_prefix_sign17h24b842386347d9b6E,1.2544,HighMonster,2,287,71521472
_ZN17rustc_driver_impl14handle_explain17h55f4c157236ede32E,1.2522,HighMonster,2,1923,69639216
_ZN17rustc_driver_impl14handle_options3unw17h1c5256d23a140031E,1.2522,HighMonster,2,40,69642928
_ZN17rustc_driver_impl14handle_explain28_$u7b$$u7b$closure$u7d$$u7d$17hfda852e19d4e3562E,1.2522,HighMonster,2,38,70213152
_ZN17rustc_driver_impl10make_input17h2c7b3c7a01879094E,1.2483,HighMonster,2,1789,69623408
_ZN17rustc_driver_impl10report_ice11FIRST_PANIC17h45d24472886fbeadE,1.2483,HighMonster,2,1,236548112
_ZN17rustc_driver_impl11make_output17h87b35194011778c7E,1.2483,HighMonster,2,314,69628496
_ZN17rustc_driver_impl14describe_lints10sort_lints17h097ca1b5ad0e3892E,1.2483,HighMonster,2,172,69635888
_ZN17rustc_driver_impl5usage17hc3a602a1a507e39dE,1.2483,HighMonster,2,1113,69672384
_ZN17rustc_driver_impl8ICE_PATH17h2daad94c63ceab7cE,1.2483,HighMonster,3,32,236548192
_ZN81_$LT$rustc_driver_impl..TimePassesCallbacks$u20$as$u20$core..default..Default$GT$7default17h3412dbc39ccbac84E,1.2483,HighMonster,2,9,69673568
_ZN76_$LT$rustc_driver_impl..args..Expander$u20$as$u20$core..default..Default$GT$7default17he16e3e1d7a0c5ec6E,1.2483,HighMonster,2,80,69792864
_ZN17rustc_driver_impl4args8Expander6finish17h6bc99b9c96426224E,1.2483,HighMonster,2,26,69791296
_ZN17rustc_driver_impl4args8Expander3arg17h59b566ed76c465f1E,1.2483,HighMonster,2,1392,69789440
_ZN17rustc_driver_impl4args8Expander9read_file17hd97d3ec3f5534086E,1.2483,HighMonster,2,79,69791328
_ZN17rustc_driver_impl6pretty5print28_$u7b$$u7b$closure$u7d$$u7d$17h41d64b8e087c4cb0E,1.2483,HighMonster,2,371,69796208
_ZN17rustc_driver_impl6pretty5print28_$u7b$$u7b$closure$u7d$$u7d$17h3abf1387bcc0c234E,1.2483,HighMonster,2,172,69796032
_ZN17rustc_driver_impl6pretty10get_source17hc64a357ac89257bbE,1.2483,HighMonster,2,601,69928512
_ZN17rustc_driver_impl6pretty14write_or_print17h21302716f851fd1aE,1.2483,HighMonster,2,107,69929120
_ZN17rustc_driver_impl12run_compiler28_$u7b$$u7b$closure$u7d$$u7d$28_$u7b$$u7b$closure$u7d$$u7d$17hec5a27431aa5b775E,1.2483,HighMonster,2,40,70207872
_ZN17rustc_driver_impl12run_compiler28_$u7b$$u7b$closure$u7d$$u7d$28_$u7b$$u7b$closure$u7d$$u7d$17h30109e64a399165bE,1.2483,HighMonster,2,43,70206912
_ZN17rustc_driver_impl12run_compiler28_$u7b$$u7b$closure$u7d$$u7d$28_$u7b$$u7b$closure$u7d$$u7d$28_$u7b$$u7b$closure$u7d$$u7d$17hef4a494cf3c55a0bE,1.2483,HighMonster,2,68,70208096
_ZN17rustc_driver_impl14describe_lints28_$u7b$$u7b$closure$u7d$$u7d$17h9cbc001fa25473d4E,1.2483,HighMonster,2,267,70208576
_ZN17rustc_driver_impl14describe_lints28_$u7b$$u7b$closure$u7d$$u7d$17hceeff1c5d3369b6fE,1.2483,HighMonster,2,267,70212624
_ZN17rustc_driver_impl5usage28_$u7b$$u7b$closure$u7d$$u7d$17hc98d17dbe27e291cE,1.2483,HighMonster,2,65,70223600
_ZN17rustc_driver_impl14signal_handler16backtrace_stderr17hed16e73d970b4f40E,1.2483,HighMonster,2,95,70231360
_ZN4jiff3fmt8temporal7printer15DateTimePrinter14print_zulu_buf17h9c348bf945805402E,1.2473,HighMonster,2,57,71910976
_ZN4jiff3fmt8temporal7printer15DateTimePrinter14print_zulu_wtr17h515622846c253358E,1.2473,HighMonster,2,60,71911040
_ZN4jiff15signed_duration14SignedDuration20try_from_millis_i12817h2d80cab9d3b1f8ecE,1.2468,HighMonster,2,382,71676000
_ZN4jiff3fmt8friendly7printer17FractionalPrinter28has_non_zero_fixed_precision17hc079641cf7e28576E,1.2447,HighMonster,2,33,72036768
_ZN17rustc_driver_impl12run_compiler28_$u7b$$u7b$closure$u7d$$u7d$10__CALLSITE4META17hdad3cfaf039e963bE,1.2393,HighMonster,2,120,228814168
_ZN17rustc_driver_impl6pretty5print10__CALLSITE4META17hdbea5b64a4514db5E,1.2393,HighMonster,2,120,228841880
_ZN17rustc_driver_impl6pretty5print10__CALLSITE4META17h0fc16022bf0afcafE,1.2393,HighMonster,2,120,228841400
_ZN17rustc_driver_impl6pretty5print10__CALLSITE4META17h6c182320991ca160E,1.2393,HighMonster,2,120,228841640
_ZN17rustc_driver_impl6pretty5print10__CALLSITE4META17h08d73cb47e03ea49E,1.2393,HighMonster,2,120,228841280
_ZN17rustc_driver_impl6pretty5print10__CALLSITE4META17haacd606a6ff44d56E,1.2393,HighMonster,2,120,228841760
_ZN17rustc_driver_impl6pretty5print10__CALLSITE4META17h4d28e2e76aa0c73bE,1.2393,HighMonster,2,120,228841520
_ZN17rustc_driver_impl6pretty5print10__CALLSITE4META17hf4de87750bdb0008E,1.2393,HighMonster,2,120,228842000
_ZN4jiff3fmt8friendly7printer17FractionalPrinter24has_zero_fixed_precision17h1cdaa585f9275b2aE,1.2392,HighMonster,2,33,72036704
_ZN4jiff3fmt8friendly7printer16DesignatorWriter23maybe_write_prefix_sign17h7b550a9390abf4e5E,1.2371,HighMonster,2,87,72033536
_ZN3std2io5error14repr_bitpacked14kind_from_prim17hd4372d09aa60d289E,1.2350,HighMonster,2,1183,70441200
_ZN4core3ptr9const_ptr33_$LT$impl$u20$$BP$const$u20$T$GT$20offset_from_unsigned18precondition_check17h56a6d942e9f44d55E,1.2350,HighMonster,2,161,70592784
_ZN4core3ptr9const_ptr33_$LT$impl$u20$$BP$const$u20$T$GT$20offset_from_unsigned18precondition_check17h5384d106f8d2863eE,1.2350,HighMonster,2,161,71138320
_ZN3std2io5error14repr_bitpacked14kind_from_prim17ha4c317204b57531eE,1.2350,HighMonster,2,1183,71151824
_ZN3std2io5error14repr_bitpacked14kind_from_prim17ha44cf6752ec369bbE,1.2350,HighMonster,2,1183,71485168
_ZN4core3ptr9const_ptr33_$LT$impl$u20$$BP$const$u20$T$GT$20offset_from_unsigned18precondition_check17hbb3c632091330a4bE,1.2350,HighMonster,2,161,71967696
_ZN4jiff6shared5posix6Parser16parse_hour_posix17h77fb04da3c74052dE,1.2200,HighMonster,2,338,71802928
_ZN4jiff6shared5posix6Parser21parse_hour_ianav3plus17ha4fcd6e75f8a3047E,1.2200,HighMonster,2,411,71807440
_ZN4core3ptr25swap_nonoverlapping_bytes17hb08637b24be995aaE,1.2166,HighMonster,2,214,71158480
_ZN4core3ptr25swap_nonoverlapping_bytes25swap_nonoverlapping_short17ha2cae6dd495111c8E,1.2166,HighMonster,2,319,70127536
_ZN4core3ptr25swap_nonoverlapping_bytes25swap_nonoverlapping_short17hd0455da169df1201E,1.2166,HighMonster,2,319,71158704
_ZN17rustc_driver_impl15print_wall_help17h8273d3789145978aE,1.2163,HighMonster,2,42,69642976
_ZN4jiff15signed_duration14SignedDuration20try_from_micros_i12817h32a165318de6e2c4E,1.2155,HighMonster,2,382,71675616
_ZN4jiff3fmt8friendly7printer16DesignatorWriter16maybe_write_zero17h5abac2d052015259E,1.2150,HighMonster,2,35,72033280
_ZN4jiff3fmt8friendly7printer16DesignatorWriter16maybe_write_zero3imp17hd87804a96f6c10f6E,1.2150,HighMonster,2,204,72033328
_ZN4jiff3fmt8friendly7printer17FractionalPrinter17must_write_digits17h65520d1cff1127f6E,1.2150,HighMonster,2,55,72036416
_ZN4jiff3fmt8friendly7printer17FractionalPrinter17will_write_digits17h026068d9a18d4428E,1.2150,HighMonster,2,30,72036480
_ZN4jiff3fmt4util13DurationUnits14get_unit_value17h13a69ff0481572ecE,1.2140,HighMonster,2,265,71490128
_ZN4jiff3fmt4util13DurationUnits14get_unit_value7general17h59d703c62137100eE,1.2140,HighMonster,2,463,71490400
_ZN4jiff3fmt4util19duration_unit_value17h7a4209274313811eE,1.2140,HighMonster,2,666,71512752
_ZN4jiff3fmt8friendly6parser10SpanParser16parse_unit_value17hc579f73b4b51884eE,1.2140,HighMonster,2,364,71521104
_ZN4jiff3fmt8friendly6parser10SpanParser21parse_unit_designator17hca6f01695e70b581E,1.2140,HighMonster,2,5345,71524944
_ZN4jiff6shared5posix6Parser20parse_posix_datetime17h0c0ee77466befebaE,1.2094,HighMonster,2,492,71806944
_ZN4jiff6shared5posix6Parser15parse_posix_dst17h96d9642bd0074339E,1.2094,HighMonster,2,1317,71801600
_ZN4jiff6shared5posix6Parser18parse_posix_offset17hc38c6e61ac2c8ee3E,1.2094,HighMonster,2,1191,71805552
_ZN4jiff6shared5posix6Parser16parse_posix_date17h62745d1f068619a5E,1.2094,HighMonster,2,672,71803296
_ZN4jiff6shared5posix6Parser16parse_posix_time17h74dcd7f3547fa9f6E,1.2094,HighMonster,2,1419,71803968
_ZN4jiff3fmt8friendly6parser10SpanParser25parse_optional_whitespace17h476021dc93621ef9E,1.2015,HighMonster,2,124,71530896
_ZN4jiff3fmt8friendly6parser10SpanParser20parse_optional_comma17h4a45ba88b586c778E,1.2015,HighMonster,2,559,71524384
_ZN4jiff6shared5posix6Parser19parse_optional_sign17ha0eff0ecb5fcbaceE,1.2015,HighMonster,2,184,71806752
_ZN4jiff3fmt7strtime5parse19parse_optional_sign17hb60413fed4dcc1ebE,1.2015,HighMonster,2,377,72066768
_ZN4jiff3fmt8friendly7printer16DesignatorWriter25write_fractional_duration17h6c8c1ba22ee22cdbE,1.2009,HighMonster,2,278,72033728
_ZN17rustc_driver_impl26show_md_content_with_pager17h6611f8c74e9aa51aE,1.1985,ModerateMonster,2,2868,69664384
_ZN72_$LT$sharded_slab..page..slot..State$u20$as$u20$core..cmp..PartialEq$GT$2eq17ha68a483e917f395bE,1.1966,ModerateMonster,2,35,70752720
_ZN62_$LT$sharded_slab..page..Local$u20$as$u20$core..fmt..Debug$GT$3fmt28_$u7b$$u7b$closure$u7d$$u7d$17hebf0d203044ff7dfE,1.1966,ModerateMonster,2,287,71100672
_ZN71_$LT$sharded_slab..tid..REGISTRY$u20$as$u20$core..ops..deref..Deref$GT$5deref11__stability4LAZY17he76004fa916f7f83E,1.1966,ModerateMonster,3,56,236549472
_ZN17rustc_driver_impl20ice_path_with_config10__CALLSITE4META17h0d76737c873e9ccaE,1.1927,ModerateMonster,2,120,228829880
_ZN17rustc_driver_impl20ice_path_with_config28_$u7b$$u7b$closure$u7d$$u7d$10__CALLSITE4META17hca08a18d60ba3c87E,1.1927,ModerateMonster,2,120,228830048
_ZN4jiff15signed_duration14SignedDuration19try_from_nanos_i12817h0763fbc9a8cf4897E,1.1914,ModerateMonster,2,348,71675264
_ZN65_$LT$smallvec..CollectionAllocErr$u20$as$u20$core..fmt..Debug$GT$3fmt17h54d0bea1bc0193cbE,1.1903,ModerateMonster,2,157,70771168
_ZN17rustc_driver_impl20describe_debug_flags17he30c655198124857E,1.1884,ModerateMonster,2,71,69658288
_ZN17rustc_driver_impl17parse_crate_attrs17h217b7d38e290cad0E,1.1862,ModerateMonster,2,533,69657680
_ZN17rustc_driver_impl16print_crate_info28_$u7b$$u7b$closure$u7d$$u7d$17h7e5580ad75734316E,1.1862,ModerateMonster,2,45,70219216
_ZN17rustc_driver_impl16print_crate_info28_$u7b$$u7b$closure$u7d$$u7d$17h861fb776b5351bbcE,1.1862,ModerateMonster,2,460,70219264
_ZN18tracing_subscriber6filter9directive74DirectiveSet$LT$tracing_subscriber..filter..directive..StaticDirective$GT$21directives_for_target17he9db80cbbed1aec9E,1.1838,ModerateMonster,2,91,70867120
_ZN4jiff3fmt8friendly6parser10SpanParser20parse_duration_units17h09ee1b2e710f2e9bE,1.1775,ModerateMonster,2,1804,71522496
_ZN4jiff3fmt8friendly7printer11SpanPrinter18print_duration_hms17h04776666212bda88E,1.1775,ModerateMonster,2,524,72027472
_ZN4jiff3fmt8friendly7printer17FractionalPrinter21from_duration_seconds17h1099a5a2217ac0e6E,1.1775,ModerateMonster,2,150,72036544
_ZN4jiff3fmt8friendly7printer11SpanPrinter26print_duration_designators17h2464e39c94873521E,1.1775,ModerateMonster,2,1643,72028736
_ZN17rustc_driver_impl38warn_on_confusing_output_filename_flag17hf1e471d3d3635a57E,1.1755,ModerateMonster,2,1779,69669664
_ZN67_$LT$nu_ansi_term..style..Style$u20$as$u20$core..cmp..PartialEq$GT$2eq17hd55c38ed341069acE,1.1753,ModerateMonster,2,344,71127760
_ZN63_$LT$nu_ansi_term..style..Color$u20$as$u20$core..fmt..Debug$GT$3fmt17h812e80b8a7cee35eE,1.1753,ModerateMonster,2,872,71126528
_ZN12nu_ansi_term3rgb10rgb_negate17h12394e6701c5f1a8E,1.1753,ModerateMonster,2,196,71130016
