x,y,z,phi_score,monster_class,lattice_label,cluster_id
0.596442,0.038105,13.369871,1.3370,HighMonster,HM-P2-[6,0,134],33
31.751689,1.887991,13.338528,1.3339,HighMonster,HM-P2-[318,19,133],34
1.207974,0.053245,12.818646,1.2819,HighMonster,HM-P2-[12,1,128],33
5.276738,0.335491,12.804632,1.2805,HighMonster,HM-P2-[53,3,128],35
2.920381,0.232379,12.668694,1.2669,HighMonster,HM-P2-[29,2,127],33
2.334179,0.182483,12.543572,1.2544,HighMonster,HM-P2-[23,2,125],33
0.710747,0.058788,12.543572,1.2544,HighMonster,HM-P2-[7,1,125],33
7.462463,0.455140,12.543572,1.2544,HighMonster,HM-P2-[75,5,125],35
125.098073,8.776226,12.522054,1.2522,HighMonster,HM-P2-[1251,88,125],36
0.357626,0.033675,12.522054,1.2522,HighMonster,HM-P2-[4,0,125],33
0.311729,0.029933,12.522054,1.2522,HighMonster,HM-P2-[3,0,125],33
114.031198,6.871585,12.483422,1.2483,HighMonster,HM-P2-[1140,69,125],37
0.000000,0.000000,12.483422,1.2483,HighMonster,HM-P2-[0,0,125],33
8.012391,0.555567,12.483422,1.2483,HighMonster,HM-P2-[80,6,125],35
3.230331,0.239466,12.483422,1.2483,HighMonster,HM-P2-[32,2,125],33
52.972665,3.741092,12.483422,1.2483,HighMonster,HM-P2-[530,37,125],38
0.013856,0.000000,12.483422,1.2483,HighMonster,HM-P3-[0,0,125],33
0.007071,0.000000,12.483422,1.2483,HighMonster,HM-P2-[0,0,125],33
0.929179,0.115022,12.483422,1.2483,HighMonster,HM-P2-[9,1,125],33
0.130958,0.026944,12.483422,1.2483,HighMonster,HM-P2-[1,0,125],33
74.796317,5.085613,12.483422,1.2483,HighMonster,HM-P2-[748,51,125],39
0.982815,0.076733,12.483422,1.2483,HighMonster,HM-P2-[10,1,125],33
10.787301,0.885910,12.483422,1.2483,HighMonster,HM-P2-[108,9,125],40
3.220609,0.226237,12.483422,1.2483,HighMonster,HM-P2-[32,2,125],33
20.808713,1.139354,12.483422,1.2483,HighMonster,HM-P2-[208,11,125],41
1.572140,0.150821,12.483422,1.2483,HighMonster,HM-P2-[16,2,125],33
0.286217,0.021633,12.483422,1.2483,HighMonster,HM-P2-[3,0,125],33
0.304877,0.052000,12.483422,1.2483,HighMonster,HM-P2-[3,1,125],33
0.706677,0.042426,12.483422,1.2483,HighMonster,HM-P2-[7,0,125],33
5.934497,0.457694,12.483422,1.2483,HighMonster,HM-P2-[59,5,125],35
5.875149,0.431518,12.483422,1.2483,HighMonster,HM-P2-[59,4,125],35
0.630745,0.027111,12.483422,1.2483,HighMonster,HM-P2-[6,0,125],33
1.285835,0.072993,12.483422,1.2483,HighMonster,HM-P2-[13,1,125],33
0.550195,0.050349,12.473096,1.2473,HighMonster,HM-P2-[6,1,125],33
0.597524,0.052307,12.473096,1.2473,HighMonster,HM-P2-[6,1,125],33
9.499418,0.863194,12.467912,1.2468,HighMonster,HM-P2-[95,9,125],40
0.272000,0.020000,12.447061,1.2447,HighMonster,HM-P2-[3,0,124],33
1.059998,0.048000,12.392719,1.2393,HighMonster,HM-P2-[11,0,124],33
1.023143,0.019183,12.392719,1.2393,HighMonster,HM-P2-[10,0,124],33
1.055117,0.036661,12.392719,1.2393,HighMonster,HM-P2-[11,0,124],33
1.061197,0.035693,12.392719,1.2393,HighMonster,HM-P2-[11,0,124],33
1.023143,0.035777,12.392719,1.2393,HighMonster,HM-P2-[10,0,124],33
1.070004,0.034293,12.392719,1.2393,HighMonster,HM-P2-[11,0,124],33
1.036955,0.047958,12.392719,1.2393,HighMonster,HM-P2-[10,0,124],33
1.021592,0.028775,12.392719,1.2393,HighMonster,HM-P2-[10,0,124],33
0.240000,0.023238,12.391653,1.2392,HighMonster,HM-P2-[2,0,124],33
1.112430,0.047948,12.371483,1.2371,HighMonster,HM-P2-[11,0,124],33
53.380413,3.335822,12.350350,1.2350,HighMonster,HM-P2-[534,33,124],38
3.114962,0.226497,12.350350,1.2350,HighMonster,HM-P2-[31,2,124],33
2.896343,0.215070,12.350350,1.2350,HighMonster,HM-P2-[29,2,124],33
53.380413,3.335822,12.350350,1.2350,HighMonster,HM-P2-[534,33,124],38
53.380413,3.335822,12.350350,1.2350,HighMonster,HM-P2-[534,33,124],38
2.868276,0.264244,12.350350,1.2350,HighMonster,HM-P2-[29,3,124],33
9.266274,0.736718,12.200418,1.2200,HighMonster,HM-P2-[93,7,122],40
12.127670,0.778470,12.200418,1.2200,HighMonster,HM-P2-[121,8,122],40
4.669518,0.299040,12.166310,1.2166,HighMonster,HM-P2-[47,3,122],35
8.642838,0.585771,12.166310,1.2166,HighMonster,HM-P2-[86,6,122],40
8.642838,0.586851,12.166310,1.2166,HighMonster,HM-P2-[86,6,122],40
0.355000,0.049477,12.163276,1.2163,HighMonster,HM-P2-[4,0,122],33
9.486712,0.885910,12.154895,1.2155,HighMonster,HM-P2-[95,9,122],40
0.278158,0.020000,12.150226,1.2150,HighMonster,HM-P2-[3,0,122],33
3.933605,0.216887,12.150226,1.2150,HighMonster,HM-P2-[39,2,122],35
0.594000,0.032450,12.150226,1.2150,HighMonster,HM-P2-[6,0,122],33
0.197909,0.016971,12.150226,1.2150,HighMonster,HM-P2-[2,0,122],33
6.270582,0.462043,12.139913,1.2140,HighMonster,HM-P2-[63,5,121],35
14.207986,0.801187,12.139913,1.2140,HighMonster,HM-P2-[142,8,121],42
26.983147,1.864129,12.139913,1.2140,HighMonster,HM-P2-[270,19,121],43
11.875693,0.524321,12.139913,1.2140,HighMonster,HM-P2-[119,5,121],40
572.678262,40.593542,12.139913,1.2140,HighMonster,HM-P2-[5727,406,121],44
15.717909,1.269890,12.094196,1.2094,HighMonster,HM-P2-[157,13,121],42
69.955432,5.124836,12.094196,1.2094,HighMonster,HM-P2-[700,51,121],45
55.659246,4.892386,12.094196,1.2094,HighMonster,HM-P2-[557,49,121],38
26.566813,2.072267,12.094196,1.2094,HighMonster,HM-P2-[266,21,121],43
74.522381,6.079258,12.094196,1.2094,HighMonster,HM-P2-[745,61,121],39
1.763768,0.127456,12.014841,1.2015,HighMonster,HM-P2-[18,1,120],33
21.221911,1.153776,12.014841,1.2015,HighMonster,HM-P2-[212,12,120],41
3.914543,0.322490,12.014841,1.2015,HighMonster,HM-P2-[39,3,120],35
10.706293,0.685518,12.014841,1.2015,HighMonster,HM-P2-[107,7,120],40
6.459986,0.409970,12.009220,1.2009,HighMonster,HM-P2-[65,4,120],35
221.794518,16.961732,11.985381,1.1985,ModerateMonster,MM-P2-[2218,170,120],0
0.268567,0.013266,11.965795,1.1966,ModerateMonster,MM-P2-[3,0,120],1
6.519026,0.443608,11.965795,1.1966,ModerateMonster,MM-P2-[65,4,120],2
0.013856,0.000000,11.965795,1.1966,ModerateMonster,MM-P3-[0,0,120],1
1.044636,0.046669,11.927479,1.1927,ModerateMonster,MM-P2-[10,0,119],1
1.028129,0.042426,11.927479,1.1927,ModerateMonster,MM-P2-[10,0,119],1
8.595634,0.778799,11.914146,1.1914,ModerateMonster,MM-P2-[86,8,119],2
2.606257,0.185405,11.902754,1.1903,ModerateMonster,MM-P2-[26,2,119],1
0.762824,0.080000,11.884228,1.1884,ModerateMonster,MM-P2-[8,1,119],1
18.273615,1.309647,11.862179,1.1862,ModerateMonster,MM-P2-[183,13,119],3
0.377327,0.010817,11.862179,1.1862,ModerateMonster,MM-P2-[4,0,119],1
14.655793,0.964318,11.862179,1.1862,ModerateMonster,MM-P2-[147,10,119],4
1.135027,0.080777,11.837641,1.1838,ModerateMonster,MM-P2-[11,1,118],1
109.126601,7.573345,11.775261,1.1775,ModerateMonster,MM-P2-[1091,76,118],5
17.366141,1.230274,11.775261,1.1775,ModerateMonster,MM-P2-[174,12,118],3
2.705927,0.235151,11.775261,1.1775,ModerateMonster,MM-P2-[27,2,118],1
98.537761,5.840925,11.775261,1.1775,ModerateMonster,MM-P2-[985,58,118],6
111.722467,7.034670,11.755070,1.1755,ModerateMonster,MM-P2-[1117,70,118],5
8.927379,0.526327,11.753070,1.1753,ModerateMonster,MM-P2-[89,5,118],2
31.755942,2.485956,11.753070,1.1753,ModerateMonster,MM-P2-[318,25,118],7
3.814390,0.266983,11.753070,1.1753,ModerateMonster,MM-P2-[38,3,118],2
0.413609,0.037947,11.753070,1.1753,ModerateMonster,MM-P2-[4,0,118],1
3.722210,0.329848,11.753070,1.1753,ModerateMonster,MM-P2-[37,3,118],2
3.691290,0.356314,11.753070,1.1753,ModerateMonster,MM-P2-[37,4,118],2
0.316525,0.024739,11.753070,1.1753,ModerateMonster,MM-P2-[3,0,118],1
29.145930,2.307092,11.753070,1.1753,ModerateMonster,MM-P2-[291,23,118],7
21.344347,1.601624,11.751374,1.1751,ModerateMonster,MM-P2-[213,16,118],8
4.945802,0.222648,11.751374,1.1751,ModerateMonster,MM-P2-[49,2,118],2
1.614817,0.112406,11.711580,1.1712,ModerateMonster,MM-P2-[16,1,117],1
2.608052,0.200918,11.711580,1.1712,ModerateMonster,MM-P2-[26,2,117],1
32.536712,2.564995,11.702756,1.1703,ModerateMonster,MM-P2-[325,26,117],7
0.258801,0.044272,11.702756,1.1703,ModerateMonster,MM-P2-[3,0,117],1
0.959792,0.058207,11.667202,1.1667,ModerateMonster,MM-P2-[10,1,117],1
9.688312,0.619271,11.649173,1.1649,ModerateMonster,MM-P2-[97,6,116],9
44.171901,3.409428,11.620572,1.1621,ModerateMonster,MM-P2-[442,34,116],10
22.409672,1.513209,11.605275,1.1605,ModerateMonster,MM-P2-[224,15,116],8
302.960271,23.762604,11.588739,1.1589,ModerateMonster,MM-P2-[3030,238,116],11
313.650000,22.751260,11.578300,1.1578,ModerateMonster,MM-P2-[3137,228,116],12
14.665425,1.074586,11.560384,1.1560,ModerateMonster,MM-P2-[147,11,116],4
17.013824,0.875589,11.517745,1.1518,ModerateMonster,MM-P2-[170,9,115],3
7.504784,0.563777,11.517745,1.1518,ModerateMonster,MM-P2-[75,6,115],2
20.598488,1.128346,11.517745,1.1518,ModerateMonster,MM-P2-[206,11,115],3
6.288321,0.434279,11.517745,1.1518,ModerateMonster,MM-P2-[63,4,115],2
18.168638,1.091055,11.517745,1.1518,ModerateMonster,MM-P2-[182,11,115],3
10.771176,0.790623,11.517745,1.1518,ModerateMonster,MM-P2-[108,8,115],9
6.261788,0.433350,11.517745,1.1518,ModerateMonster,MM-P2-[63,4,115],2
0.295161,0.022450,11.514247,1.1514,ModerateMonster,MM-P2-[3,0,115],1
115.836134,6.395042,11.514247,1.1514,ModerateMonster,MM-P2-[1158,64,115],13
9.693606,0.661979,11.512054,1.1512,ModerateMonster,MM-P2-[97,7,115],9
0.630745,0.026833,11.501839,1.1502,ModerateMonster,MM-P2-[6,0,115],1
1.182896,0.072746,11.475765,1.1476,ModerateMonster,MM-P2-[12,1,115],1
16.655410,0.910173,11.449640,1.1450,ModerateMonster,MM-P2-[167,9,114],3
51.779402,3.576564,11.445663,1.1446,ModerateMonster,MM-P2-[518,36,114],14
3.356599,0.188263,11.428734,1.1429,ModerateMonster,MM-P2-[34,2,114],15
3.468243,0.234307,11.428734,1.1429,ModerateMonster,MM-P2-[35,2,114],15
3.188018,0.240125,11.428734,1.1429,ModerateMonster,MM-P2-[32,2,114],1
9.544779,0.619178,11.411397,1.1411,ModerateMonster,MM-P2-[95,6,114],9
3.906738,0.296000,11.395142,1.1395,ModerateMonster,MM-P2-[39,3,114],2
18.021521,1.525647,11.395142,1.1395,ModerateMonster,MM-P2-[180,15,114],3
20.125008,1.445683,11.393097,1.1393,ModerateMonster,MM-P2-[201,14,114],3
19.611240,1.412631,11.369310,1.1369,ModerateMonster,MM-P2-[196,14,114],3
88.441505,5.601339,11.307200,1.1307,ModerateMonster,MM-P2-[884,56,113],16
13.867761,1.126978,11.291924,1.1292,ModerateMonster,MM-P2-[139,11,113],4
1.251102,0.034293,11.280981,1.1281,ModerateMonster,MM-P2-[13,0,113],1
1.267350,0.047624,11.280981,1.1281,ModerateMonster,MM-P2-[13,0,113],1
1.299846,0.026926,11.280981,1.1281,ModerateMonster,MM-P2-[13,0,113],1
1.307970,0.026926,11.280981,1.1281,ModerateMonster,MM-P2-[13,0,113],1
1.276915,0.035693,11.280981,1.1281,ModerateMonster,MM-P2-[13,0,113],1
1.291722,0.043081,11.280981,1.1281,ModerateMonster,MM-P2-[13,0,113],1
545.596015,39.627580,11.280981,1.1281,ModerateMonster,MM-P2-[5456,396,113],17
0.000000,0.000000,11.280981,1.1281,ModerateMonster,MM-P7-[0,0,113],1
2.387965,0.200903,11.280981,1.1281,ModerateMonster,MM-P2-[24,2,113],1
47.455013,2.557885,11.265909,1.1266,ModerateMonster,MM-P2-[475,26,113],18
87.914513,5.204826,11.231899,1.1232,ModerateMonster,MM-P2-[879,52,112],16
0.781545,0.105000,11.225520,1.1226,ModerateMonster,MM-P2-[8,1,112],1
25.271262,1.755000,11.218084,1.1218,ModerateMonster,MM-P2-[253,18,112],19
2.545075,0.162776,11.218084,1.1218,ModerateMonster,MM-P2-[25,2,112],1
2.049470,0.147580,11.209971,1.1210,ModerateMonster,MM-P2-[20,1,112],1
2.046739,0.147580,11.209971,1.1210,ModerateMonster,MM-P2-[20,1,112],1
0.056569,0.010000,11.208488,1.1208,ModerateMonster,MM-P2-[1,0,112],1
76.924178,5.268355,11.186716,1.1187,ModerateMonster,MM-P2-[769,53,112],20
21.482353,1.221103,11.186716,1.1187,ModerateMonster,MM-P2-[215,12,112],8
183.301263,11.176036,11.186716,1.1187,ModerateMonster,MM-P2-[1833,112,112],21
0.001000,0.000000,11.165512,1.1166,ModerateMonster,MM-P2-[0,0,112],1
9.311109,0.654342,11.163830,1.1164,ModerateMonster,MM-P2-[93,7,112],2
9.595874,0.642357,11.161689,1.1162,ModerateMonster,MM-P2-[96,6,112],9
0.360000,0.018708,11.153126,1.1153,ModerateMonster,MM-P2-[4,0,112],1
30.964888,1.972467,11.148955,1.1149,ModerateMonster,MM-P2-[310,20,111],7
0.024000,0.000000,11.133416,1.1133,ModerateMonster,MM-P2-[0,0,111],1
2.834278,0.256694,11.126450,1.1126,ModerateMonster,MM-P2-[28,3,111],1
26.674716,1.709982,11.123434,1.1123,ModerateMonster,MM-P2-[267,17,111],19
59.382033,4.111563,11.113837,1.1114,ModerateMonster,MM-P2-[594,41,111],22
0.006000,0.000000,11.101618,1.1102,ModerateMonster,MM-P7-[0,0,111],1
0.049749,0.000000,11.101618,1.1102,ModerateMonster,MM-P2-[0,0,111],1
10.488052,0.709622,11.090561,1.1091,ModerateMonster,MM-P2-[105,7,111],9
0.029394,0.001414,11.055964,1.1056,ModerateMonster,MM-P2-[0,0,111],1
0.403887,0.047948,11.055964,1.1056,ModerateMonster,MM-P2-[4,0,111],1
0.547449,0.030594,11.055964,1.1056,ModerateMonster,MM-P2-[5,0,111],1
0.130958,0.026944,11.050115,1.1050,ModerateMonster,MM-P2-[1,0,111],1
1.019215,0.114315,11.050115,1.1050,ModerateMonster,MM-P2-[10,1,111],1
102.455256,8.073958,11.039292,1.1039,ModerateMonster,MM-P2-[1025,81,110],23
8.395137,0.627179,11.039292,1.1039,ModerateMonster,MM-P2-[84,6,110],2
1.509294,0.122376,11.039292,1.1039,ModerateMonster,MM-P2-[15,1,110],1
6.138286,0.562850,11.039292,1.1039,ModerateMonster,MM-P2-[61,6,110],2
9.093233,0.687895,11.039292,1.1039,ModerateMonster,MM-P2-[91,7,110],2
19.249325,1.287975,11.039292,1.1039,ModerateMonster,MM-P2-[192,13,110],3
221.911781,11.313603,10.987607,1.0988,ModerateMonster,MM-P2-[2219,113,110],24
219.014889,10.565093,10.987607,1.0988,ModerateMonster,MM-P2-[2190,106,110],24
89.388930,5.367325,10.987607,1.0988,ModerateMonster,MM-P2-[894,54,110],16
89.974508,5.473154,10.987607,1.0988,ModerateMonster,MM-P2-[900,55,110],16
9.294186,0.669699,10.983153,1.0983,ModerateMonster,MM-P2-[93,7,110],2
0.591784,0.048642,10.974753,1.0975,ModerateMonster,MM-P2-[6,0,110],1
21.291220,1.718139,10.964533,1.0965,ModerateMonster,MM-P2-[213,17,110],8
21.265773,1.850475,10.964533,1.0965,ModerateMonster,MM-P2-[213,19,110],8
2.885998,0.192821,10.964533,1.0965,ModerateMonster,MM-P2-[29,2,110],1
21.513807,1.767948,10.964533,1.0965,ModerateMonster,MM-P2-[215,18,110],8
430.917195,28.125224,10.944949,1.0945,ModerateMonster,MM-P2-[4309,281,109],25
3.027689,0.178536,10.920769,1.0921,ModerateMonster,MM-P2-[30,2,109],1
5.803085,0.289574,10.909348,1.0909,ModerateMonster,MM-P2-[58,3,109],2
5.790695,0.300280,10.909348,1.0909,ModerateMonster,MM-P2-[58,3,109],2
5.818336,0.337751,10.909348,1.0909,ModerateMonster,MM-P2-[58,3,109],2
5.749234,0.309112,10.909348,1.0909,ModerateMonster,MM-P2-[57,3,109],2
5.830653,0.324000,10.909348,1.0909,ModerateMonster,MM-P2-[58,3,109],2
5.776875,0.342224,10.909348,1.0909,ModerateMonster,MM-P2-[58,3,109],2
6.838839,0.620478,10.909348,1.0909,ModerateMonster,MM-P2-[68,6,109],2
3.424087,0.300589,10.882442,1.0882,ModerateMonster,MM-P2-[34,3,109],15
16.546299,1.267819,10.882442,1.0882,ModerateMonster,MM-P2-[165,13,109],3
0.192000,0.016583,10.853604,1.0854,ModerateMonster,MM-P2-[2,0,109],1
8.119944,0.678620,10.853182,1.0853,ModerateMonster,MM-P2-[81,7,109],2
36.106261,2.988000,10.828914,1.0829,ModerateMonster,MM-P2-[361,30,108],26
52.664879,3.827379,10.818414,1.0818,ModerateMonster,MM-P2-[527,38,108],14
1.541447,0.147580,10.797758,1.0798,ModerateMonster,MM-P2-[15,1,108],1
0.417237,0.046872,10.771507,1.0772,ModerateMonster,MM-P2-[4,0,108],1
15.269020,0.848705,10.755441,1.0755,ModerateMonster,MM-P2-[153,8,108],4
38.538672,2.907000,10.729049,1.0729,ModerateMonster,MM-P2-[385,29,107],26
103.331615,11.968256,10.676718,1.0677,ModerateMonster,MM-P2-[1033,120,107],27
5.030162,0.403648,10.666158,1.0666,ModerateMonster,MM-P2-[50,4,107],2
7.187546,0.448351,10.664634,1.0665,ModerateMonster,MM-P2-[72,4,107],2
7.981903,0.818545,10.634035,1.0634,ModerateMonster,MM-P2-[80,8,106],2
5.227694,0.355307,10.594291,1.0594,ModerateMonster,MM-P2-[52,4,106],2
2.504926,0.154000,10.593190,1.0593,ModerateMonster,MM-P2-[25,2,106],1
47.716581,3.976982,10.589834,1.0590,ModerateMonster,MM-P2-[477,40,106],18
0.018000,0.001000,10.586727,1.0587,ModerateMonster,MM-P2-[0,0,106],1
1.392000,0.104957,10.586727,1.0587,ModerateMonster,MM-P2-[14,1,106],1
0.047624,0.005196,10.586727,1.0587,ModerateMonster,MM-P2-[0,0,106],1
21.687185,1.794720,10.586727,1.0587,ModerateMonster,MM-P2-[217,18,106],8
21.762756,1.866511,10.586727,1.0587,ModerateMonster,MM-P2-[218,19,106],8
22.067471,1.724464,10.586727,1.0587,ModerateMonster,MM-P2-[221,17,106],8
0.008485,0.001000,10.558810,1.0559,ModerateMonster,MM-P2-[0,0,106],1
0.036742,0.002828,10.558810,1.0559,ModerateMonster,MM-P2-[0,0,106],1
22.273352,1.540166,10.542884,1.0543,ModerateMonster,MM-P2-[223,15,105],8
308.893046,22.467401,10.537716,1.0538,ModerateMonster,MM-P2-[3089,225,105],28
17.442841,1.154809,10.537716,1.0538,ModerateMonster,MM-P2-[174,12,105],3
10.135520,0.726900,10.537716,1.0538,ModerateMonster,MM-P2-[101,7,105],9
14.353237,0.986777,10.537716,1.0538,ModerateMonster,MM-P2-[144,10,105],4
50.147350,3.139036,10.537716,1.0538,ModerateMonster,MM-P2-[501,31,105],14
4.793217,0.373304,10.464821,1.0465,ModerateMonster,MM-P2-[48,4,105],2
0.336535,0.026192,10.464821,1.0465,ModerateMonster,MM-P2-[3,0,105],1
0.890955,0.071937,10.431421,1.0431,ModerateMonster,MM-P2-[9,1,104],1
0.000000,0.000000,10.419880,1.0420,ModerateMonster,MM-P2-[0,0,104],1
0.297342,0.026192,10.419880,1.0420,ModerateMonster,MM-P2-[3,0,104],1
0.000000,0.000000,10.419880,1.0420,ModerateMonster,MM-P2-[0,0,104],1
0.000000,0.000000,10.419880,1.0420,ModerateMonster,MM-P2-[0,0,104],1
0.000000,0.000000,10.419880,1.0420,ModerateMonster,MM-P2-[0,0,104],1
0.008485,0.001000,10.342809,1.0343,ModerateMonster,MM-P2-[0,0,103],1
0.128172,0.014142,10.342809,1.0343,ModerateMonster,MM-P2-[1,0,103],1
0.047624,0.004000,10.342809,1.0343,ModerateMonster,MM-P2-[0,0,103],1
0.047624,0.004000,10.342809,1.0343,ModerateMonster,MM-P2-[0,0,103],1
0.039192,0.003464,10.342809,1.0343,ModerateMonster,MM-P2-[0,0,103],1
0.008485,0.001000,10.342809,1.0343,ModerateMonster,MM-P2-[0,0,103],1
0.128172,0.014142,10.342809,1.0343,ModerateMonster,MM-P2-[1,0,103],1
0.039192,0.003464,10.342809,1.0343,ModerateMonster,MM-P2-[0,0,103],1
0.008485,0.001000,10.342809,1.0343,ModerateMonster,MM-P2-[0,0,103],1
0.039192,0.006928,10.342809,1.0343,ModerateMonster,MM-P2-[0,0,103],1
0.008485,0.001000,10.342809,1.0343,ModerateMonster,MM-P2-[0,0,103],1
0.031843,0.002828,10.342809,1.0343,ModerateMonster,MM-P2-[0,0,103],1
0.008485,0.001000,10.342809,1.0343,ModerateMonster,MM-P2-[0,0,103],1
0.031843,0.002828,10.342809,1.0343,ModerateMonster,MM-P2-[0,0,103],1
2.884224,0.249950,10.267907,1.0268,ModerateMonster,MM-P2-[29,2,103],15
11.098825,0.841873,10.261697,1.0262,ModerateMonster,MM-P2-[111,8,103],9
11.098825,0.841873,10.261697,1.0262,ModerateMonster,MM-P2-[111,8,103],9
11.098825,0.841873,10.261697,1.0262,ModerateMonster,MM-P2-[111,8,103],9
11.098825,0.841873,10.261697,1.0262,ModerateMonster,MM-P2-[111,8,103],9
12.262920,0.998148,10.218577,1.0219,ModerateMonster,MM-P2-[123,10,102],4
382.888993,27.252672,10.195622,1.0196,ModerateMonster,MM-P2-[3829,273,102],29
72.878711,4.962897,10.190201,1.0190,ModerateMonster,MM-P2-[729,50,102],30
10.359295,0.825733,10.129116,1.0129,ModerateMonster,MM-P2-[104,8,101],9
10.443543,0.764693,10.129116,1.0129,ModerateMonster,MM-P2-[104,8,101],9
43.424696,2.962712,10.097460,1.0097,ModerateMonster,MM-P2-[434,30,101],10
4.990213,0.320000,10.097460,1.0097,ModerateMonster,MM-P2-[50,3,101],2
15.269087,1.071809,10.097460,1.0097,ModerateMonster,MM-P2-[153,11,101],4
0.034000,0.006708,10.065578,1.0066,ModerateMonster,MM-P3-[0,0,101],1
0.079599,0.006928,10.065578,1.0066,ModerateMonster,MM-P2-[1,0,101],1
2.332545,0.159931,10.057121,1.0057,ModerateMonster,MM-P2-[23,2,101],1
4.846118,0.287687,10.029513,1.0030,ModerateMonster,MM-P2-[48,3,100],2
61.068460,3.626900,10.029513,1.0030,ModerateMonster,MM-P2-[611,36,100],22
30.302554,2.055981,10.029513,1.0030,ModerateMonster,MM-P2-[303,21,100],7
228.269337,14.904589,10.029513,1.0030,ModerateMonster,MM-P2-[2283,149,100],31
1.982748,0.112410,10.029513,1.0030,ModerateMonster,MM-P2-[20,1,100],1
55.646010,4.316095,10.029513,1.0030,ModerateMonster,MM-P2-[556,43,100],32
9.051752,0.534505,10.014271,1.0014,ModerateMonster,MM-P2-[91,5,100],9
6.768270,0.419080,10.014271,1.0014,ModerateMonster,MM-P2-[68,4,100],2
8.902888,0.589809,10.014271,1.0014,ModerateMonster,MM-P2-[89,6,100],9
6.844794,0.414880,10.014271,1.0014,ModerateMonster,MM-P2-[68,4,100],2
1.352000,0.096000,10.014271,1.0014,ModerateMonster,MM-P2-[14,1,100],1
56.043347,3.889602,9.953594,0.9954,LowMonster,LM-P2-[560,39,100],46
14.185558,0.804000,9.936782,0.9937,LowMonster,LM-P2-[142,8,99],47
1132.177180,81.628000,9.936782,0.9937,LowMonster,LM-P2-[11322,816,99],48
625.534806,42.358921,9.936782,0.9937,LowMonster,LM-P2-[6255,424,99],49
0.008485,0.001000,9.936667,0.9937,LowMonster,LM-P2-[0,0,99],50
1.223295,0.154110,9.936667,0.9937,LowMonster,LM-P2-[12,2,99],50
2.779820,0.233805,9.936667,0.9937,LowMonster,LM-P2-[28,2,99],50
2.098820,0.118034,9.936667,0.9937,LowMonster,LM-P2-[21,1,99],50
4.061025,0.216887,9.936667,0.9937,LowMonster,LM-P2-[41,2,99],51
4.017590,0.329848,9.936667,0.9937,LowMonster,LM-P2-[40,3,99],51
2.792902,0.218945,9.936667,0.9937,LowMonster,LM-P2-[28,2,99],50
2.790116,0.314927,9.936667,0.9937,LowMonster,LM-P2-[28,3,99],50
2.923286,0.148324,9.936667,0.9937,LowMonster,LM-P2-[29,1,99],50
4.084774,0.227473,9.936667,0.9937,LowMonster,LM-P2-[41,2,99],51
4.221266,0.244094,9.936667,0.9937,LowMonster,LM-P2-[42,2,99],51
5.916859,0.357771,9.936667,0.9937,LowMonster,LM-P2-[59,4,99],51
2.896343,0.242118,9.936667,0.9937,LowMonster,LM-P2-[29,2,99],50
4.096648,0.246055,9.936667,0.9937,LowMonster,LM-P2-[41,2,99],51
2.664207,0.193649,9.936667,0.9937,LowMonster,LM-P2-[27,2,99],50
2.824857,0.291338,9.936667,0.9937,LowMonster,LM-P2-[28,3,99],50
2.933920,0.155740,9.936667,0.9937,LowMonster,LM-P2-[29,2,99],50
1.266739,0.138000,9.936667,0.9937,LowMonster,LM-P2-[13,1,99],50
2.784065,0.205757,9.936667,0.9937,LowMonster,LM-P2-[28,2,99],50
5.884513,0.425678,9.933120,0.9933,LowMonster,LM-P2-[59,4,99],51
29.868190,2.438419,9.933120,0.9933,LowMonster,LM-P2-[299,24,99],52
7.310065,0.576562,9.919497,0.9919,LowMonster,LM-P2-[73,6,99],53
106.411915,8.183734,9.919497,0.9919,LowMonster,LM-P2-[1064,82,99],54
0.020000,0.001414,9.769123,0.9769,LowMonster,LM-P2-[0,0,98],50
0.368927,0.038184,9.769123,0.9769,LowMonster,LM-P2-[4,0,98],50
0.567126,0.030594,9.769123,0.9769,LowMonster,LM-P2-[6,0,98],50
2.900362,0.159349,9.735039,0.9735,LowMonster,LM-P2-[29,2,97],50
3.079655,0.157150,9.723160,0.9723,LowMonster,LM-P2-[31,2,97],51
3.034837,0.252000,9.631657,0.9632,LowMonster,LM-P2-[30,3,96],51
3.234000,0.203066,9.631657,0.9632,LowMonster,LM-P2-[32,2,96],51
3.239887,0.207391,9.631657,0.9632,LowMonster,LM-P2-[32,2,96],51
3.241869,0.173228,9.631657,0.9632,LowMonster,LM-P2-[32,2,96],51
3.112625,0.264511,9.631657,0.9632,LowMonster,LM-P2-[31,3,96],51
2.661688,0.158745,9.631657,0.9632,LowMonster,LM-P2-[27,2,96],50
12.601754,0.854459,9.631657,0.9632,LowMonster,LM-P2-[126,9,96],47
11.402349,0.706909,9.631657,0.9632,LowMonster,LM-P2-[114,7,96],47
9.216095,0.713987,9.631657,0.9632,LowMonster,LM-P2-[92,7,96],53
2.490000,0.183123,9.631657,0.9632,LowMonster,LM-P2-[25,2,96],50
2.933920,0.192821,9.612862,0.9613,LowMonster,LM-P2-[29,2,96],50
2.884224,0.213106,9.612862,0.9613,LowMonster,LM-P2-[29,2,96],50
18.098846,1.599951,9.576165,0.9576,LowMonster,LM-P2-[181,16,96],55
7.969428,0.703491,9.574661,0.9575,LowMonster,LM-P2-[80,7,96],53
0.050269,0.002828,9.572892,0.9573,LowMonster,LM-P2-[1,0,96],50
0.020000,0.001732,9.572892,0.9573,LowMonster,LM-P2-[0,0,96],50
0.147173,0.014697,9.538729,0.9539,LowMonster,LM-P2-[1,0,95],50
0.200000,0.021633,9.538729,0.9539,LowMonster,LM-P2-[2,0,95],50
0.031305,0.001732,9.538729,0.9539,LowMonster,LM-P2-[0,0,95],50
0.008485,0.001000,9.464491,0.9464,LowMonster,LM-P2-[0,0,95],50
2.193029,0.124591,9.442645,0.9443,LowMonster,LM-P2-[22,1,94],50
2.001240,0.169558,9.389333,0.9389,LowMonster,LM-P2-[20,2,94],50
0.709930,0.072000,9.346447,0.9346,LowMonster,LM-P3-[7,1,93],50
0.393258,0.049749,9.346447,0.9346,LowMonster,LM-P2-[4,0,93],50
0.685134,0.043589,9.346447,0.9346,LowMonster,LM-P2-[7,0,93],50
10.448686,0.810309,9.312847,0.9313,LowMonster,LM-P2-[104,8,93],56
8.642411,0.625095,9.312847,0.9313,LowMonster,LM-P2-[86,6,93],53
1.597044,0.152735,9.312847,0.9313,LowMonster,LM-P2-[16,2,93],50
1.625839,0.123288,9.312847,0.9313,LowMonster,LM-P2-[16,1,93],50
0.202032,0.007211,9.312847,0.9313,LowMonster,LM-P2-[2,0,93],50
0.237588,0.010817,9.312847,0.9313,LowMonster,LM-P2-[2,0,93],50
0.723553,0.053889,9.312847,0.9313,LowMonster,LM-P2-[7,1,93],50
1.200424,0.086163,9.312847,0.9313,LowMonster,LM-P2-[12,1,93],50
24.458109,1.513785,9.310090,0.9310,LowMonster,LM-P2-[245,15,93],57
0.024249,0.001000,9.297418,0.9297,LowMonster,LM-P2-[0,0,93],50
0.025981,0.003464,9.297418,0.9297,LowMonster,LM-P2-[0,0,93],50
0.017321,0.000000,9.297418,0.9297,LowMonster,LM-P2-[0,0,93],50
0.026000,0.001414,9.297418,0.9297,LowMonster,LM-P2-[0,0,93],50
40.298795,2.475855,9.275182,0.9275,LowMonster,LM-P2-[403,25,93],58
7.636956,0.578619,9.257405,0.9257,LowMonster,LM-P2-[76,6,93],53
3.335103,0.242499,9.256987,0.9257,LowMonster,LM-P2-[33,2,93],51
2.160382,0.246804,9.206440,0.9206,LowMonster,LM-P2-[22,2,92],50
0.000000,0.000000,8.918060,0.8918,LowMonster,LM-P2-[0,0,89],50
40.590198,3.028018,8.911107,0.8911,LowMonster,LM-P2-[406,30,89],58
0.183341,0.013266,8.856045,0.8856,LowMonster,LM-P2-[2,0,89],50
0.081000,0.006708,8.580205,0.8580,LowMonster,LM-P2-[1,0,86],50
0.072000,0.004000,8.580205,0.8580,LowMonster,LM-P2-[1,0,86],50
0.065054,0.003464,8.580205,0.8580,LowMonster,LM-P2-[1,0,86],50
0.370405,0.041231,8.576725,0.8577,LowMonster,LM-P2-[4,0,86],50
1.502947,0.160275,8.576725,0.8577,LowMonster,LM-P2-[15,2,86],50
3.639676,0.282179,8.567653,0.8568,LowMonster,LM-P2-[36,3,86],51
4.890929,0.353160,8.567653,0.8568,LowMonster,LM-P2-[49,4,86],51
0.576281,0.048642,8.516181,0.8516,LowMonster,LM-P2-[6,0,85],50
1.646145,0.093675,8.396079,0.8396,LowMonster,LM-P2-[16,1,84],50
1.656382,0.162370,8.396079,0.8396,LowMonster,LM-P2-[17,2,84],50
0.326337,0.017321,8.380335,0.8380,LowMonster,LM-P2-[3,0,84],50
37.460639,5.620715,7.951202,0.7951,LowMonster,LM-P2-[375,56,80],59
3.078743,0.312000,7.951202,0.7951,LowMonster,LM-P2-[31,3,80],51
1.471734,0.121659,7.951202,0.7951,LowMonster,LM-P2-[15,1,80],50
1.308148,0.090730,7.951202,0.7951,LowMonster,LM-P2-[13,1,80],50
0.002000,0.000000,7.790339,0.7790,LowMonster,LM-P2-[0,0,78],50
1.604075,0.137390,7.047143,0.7047,LowMonster,LM-P2-[16,1,70],60
2.234942,0.208710,7.047143,0.7047,LowMonster,LM-P2-[22,2,70],60
0.014000,0.001000,7.047143,0.7047,LowMonster,LM-P2-[0,0,70],50
0.364483,0.021633,7.047143,0.7047,LowMonster,LM-P2-[4,0,70],50
0.039686,0.000000,7.047143,0.7047,LowMonster,LM-P2-[0,0,70],50
0.302137,0.021794,7.047143,0.7047,LowMonster,LM-P2-[3,0,70],50
2.713466,0.215070,7.047143,0.7047,LowMonster,LM-P2-[27,2,70],60
0.106132,0.000000,7.047143,0.7047,LowMonster,LM-P2-[1,0,70],50
8.712089,0.566260,7.047143,0.7047,LowMonster,LM-P2-[87,6,70],56
0.008000,0.000000,7.047143,0.7047,LowMonster,LM-P2-[0,0,70],50
0.289040,0.009950,7.047143,0.7047,LowMonster,LM-P2-[3,0,70],50
0.233345,0.020785,7.047143,0.7047,LowMonster,LM-P2-[2,0,70],50
0.005657,0.000000,7.047143,0.7047,LowMonster,LM-P2-[0,0,70],50
0.333880,0.018708,7.047143,0.7047,LowMonster,LM-P2-[3,0,70],50
0.761890,0.086168,6.592879,0.6593,LowMonster,LM-P2-[8,1,66],60
0.648000,0.056285,6.492436,0.6492,LowMonster,LM-P2-[6,1,65],60
0.137011,0.028284,6.373387,0.6373,LowMonster,LM-P2-[1,0,64],60
4.036103,0.322490,6.071127,0.6071,LowMonster,LM-P2-[40,3,61],60
0.678731,0.036373,3.297217,0.3297,NonMonster,NM-P2-[7,0,33],61
0.678731,0.036373,3.297217,0.3297,NonMonster,NM-P2-[7,0,33],61
0.678731,0.036373,3.297217,0.3297,NonMonster,NM-P2-[7,0,33],61
0.000000,0.000000,0.000000,0.0000,NonMonster,NM-P2-[0,0,0],62
0.342929,0.052000,0.000000,0.0000,NonMonster,NM-P2-[3,1,0],62
0.742924,0.045826,0.000000,0.0000,NonMonster,NM-P2-[7,0,0],62
8.543988,0.558390,0.000000,0.0000,NonMonster,NM-P2-[85,6,0],63
0.029069,0.000000,0.000000,0.0000,NonMonster,NM-P2-[0,0,0],62
24.831120,1.751301,0.000000,0.0000,NonMonster,NM-P2-[248,18,0],64
1.045610,0.056089,0.000000,0.0000,NonMonster,NM-P2-[10,1,0],62
1.146361,0.064622,0.000000,0.0000,NonMonster,NM-P2-[11,1,0],62
1.035507,0.060000,0.000000,0.0000,NonMonster,NM-P2-[10,1,0],62
1.058592,0.073485,0.000000,0.0000,NonMonster,NM-P2-[11,1,0],62
0.834227,0.062354,0.000000,0.0000,NonMonster,NM-P2-[8,1,0],62
1.203292,0.113137,0.000000,0.0000,NonMonster,NM-P2-[12,1,0],62
0.854574,0.080777,0.000000,0.0000,NonMonster,NM-P2-[9,1,0],62
0.847791,0.054772,0.000000,0.0000,NonMonster,NM-P2-[8,1,0],62
0.704344,0.031305,0.000000,0.0000,NonMonster,NM-P2-[7,0,0],62
0.153408,0.003317,0.000000,0.0000,NonMonster,NM-P2-[2,0,0],62
0.691537,0.024739,0.000000,0.0000,NonMonster,NM-P2-[7,0,0],62
0.784860,0.038730,0.000000,0.0000,NonMonster,NM-P2-[8,0,0],62
1.110510,0.048466,0.000000,0.0000,NonMonster,NM-P2-[11,0,0],62
0.705685,0.022913,0.000000,0.0000,NonMonster,NM-P2-[7,0,0],62
1.226139,0.039192,0.000000,0.0000,NonMonster,NM-P2-[12,0,0],62
0.689377,0.032078,0.000000,0.0000,NonMonster,NM-P2-[7,0,0],62
0.881703,0.061245,0.000000,0.0000,NonMonster,NM-P2-[9,1,0],62
0.029069,0.000000,0.000000,0.0000,NonMonster,NM-P2-[0,0,0],62
0.096182,0.009798,0.000000,0.0000,NonMonster,NM-P2-[1,0,0],62
23.445384,0.773186,0.000000,0.0000,NonMonster,NM-P2-[234,8,0],64
11.053319,0.678531,0.000000,0.0000,NonMonster,NM-P2-[111,7,0],63
4.563972,0.294449,0.000000,0.0000,NonMonster,NM-P2-[46,3,0],65
2.301999,0.152565,0.000000,0.0000,NonMonster,NM-P2-[23,2,0],62
27.200402,2.905413,0.000000,0.0000,NonMonster,NM-P2-[272,29,0],64
2.079000,0.181122,0.000000,0.0000,NonMonster,NM-P2-[21,2,0],62
1.420433,0.086168,0.000000,0.0000,NonMonster,NM-P2-[14,1,0],62
1.420433,0.086168,0.000000,0.0000,NonMonster,NM-P2-[14,1,0],62
0.177294,0.000000,0.000000,0.0000,NonMonster,NM-P2-[2,0,0],62
9.962638,0.865062,0.000000,0.0000,NonMonster,NM-P2-[100,9,0],63
0.126194,0.003000,0.000000,0.0000,NonMonster,NM-P2-[1,0,0],62
1.174714,0.091913,0.000000,0.0000,NonMonster,NM-P2-[12,1,0],62
0.215381,0.037041,0.000000,0.0000,NonMonster,NM-P2-[2,0,0],62
0.699518,0.058788,0.000000,0.0000,NonMonster,NM-P2-[7,1,0],62
0.687352,0.041231,0.000000,0.0000,NonMonster,NM-P2-[7,0,0],62
21.724233,1.658761,0.000000,0.0000,NonMonster,NM-P2-[217,17,0],66
0.045255,0.005196,0.000000,0.0000,NonMonster,NM-P2-[0,0,0],62
0.036742,0.002828,0.000000,0.0000,NonMonster,NM-P2-[0,0,0],62
0.008485,0.001000,0.000000,0.0000,NonMonster,NM-P2-[0,0,0],62
9.757919,0.619271,0.000000,0.0000,NonMonster,NM-P2-[98,6,0],63
5.638262,0.393548,0.000000,0.0000,NonMonster,NM-P2-[56,4,0],63
8.139257,0.565572,0.000000,0.0000,NonMonster,NM-P2-[81,6,0],63
34.845231,2.558863,0.000000,0.0000,NonMonster,NM-P2-[348,26,0],67
0.351781,0.038730,0.000000,0.0000,NonMonster,NM-P2-[4,0,0],62
11.367626,0.941394,0.000000,0.0000,NonMonster,NM-P2-[114,9,0],63
1.599765,0.122450,0.000000,0.0000,NonMonster,NM-P2-[16,1,0],62
21.458629,1.635980,0.000000,0.0000,NonMonster,NM-P2-[215,16,0],66
0.855565,0.130000,0.000000,0.0000,NonMonster,NM-P2-[9,1,0],62
291.826348,13.141018,0.000000,0.0000,NonMonster,NM-P2-[2918,131,0],68
0.173948,0.015000,0.000000,0.0000,NonMonster,NM-P2-[2,0,0],62
0.076368,0.010583,0.000000,0.0000,NonMonster,NM-P2-[1,0,0],62
47.275734,4.851637,0.000000,0.0000,NonMonster,NM-P2-[473,49,0],69
0.034293,0.004243,0.000000,0.0000,NonMonster,NM-P2-[0,0,0],62
0.018000,0.001000,0.000000,0.0000,NonMonster,NM-P2-[0,0,0],62
1.256000,0.107703,0.000000,0.0000,NonMonster,NM-P2-[13,1,0],62
0.055561,0.002646,0.000000,0.0000,NonMonster,NM-P2-[1,0,0],62
0.110851,0.007348,0.000000,0.0000,NonMonster,NM-P2-[1,0,0],62
0.037041,0.001000,0.000000,0.0000,NonMonster,NM-P2-[0,0,0],62
0.053740,0.003464,0.000000,0.0000,NonMonster,NM-P2-[1,0,0],62
1.040181,0.113088,0.000000,0.0000,NonMonster,NM-P2-[10,1,0],62
0.047624,0.004243,0.000000,0.0000,NonMonster,NM-P2-[0,0,0],62
0.174284,0.008485,0.000000,0.0000,NonMonster,NM-P2-[2,0,0],62
0.050912,0.003000,0.000000,0.0000,NonMonster,NM-P2-[1,0,0],62
0.050912,0.003000,0.000000,0.0000,NonMonster,NM-P2-[1,0,0],62
3.873015,0.362204,0.000000,0.0000,NonMonster,NM-P2-[39,4,0],65
0.029394,0.002000,0.000000,0.0000,NonMonster,NM-P2-[0,0,0],62
18.383772,1.340130,0.000000,0.0000,NonMonster,NM-P2-[184,13,0],70
0.018000,0.001000,0.000000,0.0000,NonMonster,NM-P2-[0,0,0],62
1.174714,0.100539,0.000000,0.0000,NonMonster,NM-P2-[12,1,0],62
0.037041,0.001000,0.000000,0.0000,NonMonster,NM-P2-[0,0,0],62
1.119519,0.113137,0.000000,0.0000,NonMonster,NM-P2-[11,1,0],62
1.327640,0.062354,0.000000,0.0000,NonMonster,NM-P2-[13,1,0],62
0.182030,0.013266,0.000000,0.0000,NonMonster,NM-P2-[2,0,0],62
11.280817,0.954976,0.000000,0.0000,NonMonster,NM-P2-[113,10,0],63
1.190588,0.086163,0.000000,0.0000,NonMonster,NM-P2-[12,1,0],62
1.149982,0.105788,0.000000,0.0000,NonMonster,NM-P2-[11,1,0],62
0.018000,0.001000,0.000000,0.0000,NonMonster,NM-P2-[0,0,0],62
0.000000,0.000000,0.000000,0.0000,NonMonster,NM-P2-[0,0,0],62
0.037041,0.001000,0.000000,0.0000,NonMonster,NM-P2-[0,0,0],62
0.029394,0.002000,0.000000,0.0000,NonMonster,NM-P2-[0,0,0],62
0.010392,0.002000,0.000000,0.0000,NonMonster,NM-P2-[0,0,0],62
1.105014,0.098727,0.000000,0.0000,NonMonster,NM-P2-[11,1,0],62
1.317529,0.136931,0.000000,0.0000,NonMonster,NM-P2-[13,1,0],62
0.072732,0.006000,0.000000,0.0000,NonMonster,NM-P2-[1,0,0],62
0.268328,0.011225,0.000000,0.0000,NonMonster,NM-P2-[3,0,0],62
1.193938,0.109490,0.000000,0.0000,NonMonster,NM-P2-[12,1,0],62
0.000000,0.000000,0.000000,0.0000,NonMonster,NM-P2-[0,0,0],62
0.053889,0.015652,0.000000,0.0000,NonMonster,NM-P2-[1,0,0],62
0.000000,0.000000,0.000000,0.0000,NonMonster,NM-P2-[0,0,0],62
0.405300,0.041231,0.000000,0.0000,NonMonster,NM-P2-[4,0,0],62
0.235381,0.019365,0.000000,0.0000,NonMonster,NM-P2-[2,0,0],62
36.466633,2.637102,0.000000,0.0000,NonMonster,NM-P2-[365,26,0],67
8.815345,0.587043,0.000000,0.0000,NonMonster,NM-P2-[88,6,0],63
0.020000,0.000000,0.000000,0.0000,NonMonster,NM-P2-[0,0,0],62
0.128172,0.008944,0.000000,0.0000,NonMonster,NM-P2-[1,0,0],62
0.089956,0.015000,0.000000,0.0000,NonMonster,NM-P3-[1,0,0],62
0.060852,0.010000,0.000000,0.0000,NonMonster,NM-P2-[1,0,0],62
0.063498,0.006000,0.000000,0.0000,NonMonster,NM-P2-[1,0,0],62
0.046540,0.005196,0.000000,0.0000,NonMonster,NM-P2-[0,0,0],62
0.063498,0.002236,0.000000,0.0000,NonMonster,NM-P2-[1,0,0],62
0.084664,0.008485,0.000000,0.0000,NonMonster,NM-P3-[1,0,0],62
0.063498,0.004000,0.000000,0.0000,NonMonster,NM-P2-[1,0,0],62
0.060852,0.002449,0.000000,0.0000,NonMonster,NM-P2-[1,0,0],62
0.018000,0.001000,0.000000,0.0000,NonMonster,NM-P2-[0,0,0],62
1.218399,0.104957,0.000000,0.0000,NonMonster,NM-P2-[12,1,0],62
0.037041,0.001000,0.000000,0.0000,NonMonster,NM-P2-[0,0,0],62
0.034293,0.004000,0.000000,0.0000,NonMonster,NM-P2-[0,0,0],62
1.132475,0.116619,0.000000,0.0000,NonMonster,NM-P2-[11,1,0],62
0.471041,0.055154,0.000000,0.0000,NonMonster,NM-P2-[5,1,0],62
2.523956,0.163936,0.000000,0.0000,NonMonster,NM-P2-[25,2,0],62
0.008485,0.001000,0.000000,0.0000,NonMonster,NM-P2-[0,0,0],62
0.769457,0.067082,0.000000,0.0000,NonMonster,NM-P2-[8,1,0],62
6.721620,0.558189,0.000000,0.0000,NonMonster,NM-P2-[67,6,0],63
0.029069,0.000000,0.000000,0.0000,NonMonster,NM-P2-[0,0,0],62
0.016000,0.001000,0.000000,0.0000,NonMonster,NM-P2-[0,0,0],62
0.018000,0.001000,0.000000,0.0000,NonMonster,NM-P2-[0,0,0],62
1.220471,0.107480,0.000000,0.0000,NonMonster,NM-P2-[12,1,0],62
0.037041,0.001000,0.000000,0.0000,NonMonster,NM-P2-[0,0,0],62
0.034293,0.004000,0.000000,0.0000,NonMonster,NM-P2-[0,0,0],62
1.112430,0.107480,0.000000,0.0000,NonMonster,NM-P2-[11,1,0],62
0.014142,0.005657,0.000000,0.0000,NonMonster,NM-P2-[0,0,0],62
0.012728,0.000000,0.000000,0.0000,NonMonster,NM-P5-[0,0,0],62
0.822523,0.075047,0.000000,0.0000,NonMonster,NM-P2-[8,1,0],62
0.072732,0.006000,0.000000,0.0000,NonMonster,NM-P2-[1,0,0],62
0.072732,0.006000,0.000000,0.0000,NonMonster,NM-P2-[1,0,0],62
1.472439,0.107480,0.000000,0.0000,NonMonster,NM-P2-[15,1,0],62
2.484241,0.242809,0.000000,0.0000,NonMonster,NM-P2-[25,2,0],62
21.172942,1.512250,0.000000,0.0000,NonMonster,NM-P2-[212,15,0],66
0.148000,0.005657,0.000000,0.0000,NonMonster,NM-P2-[1,0,0],62
0.463862,0.055154,0.000000,0.0000,NonMonster,NM-P2-[5,1,0],62
8.720307,0.550316,0.000000,0.0000,NonMonster,NM-P2-[87,6,0],63
0.814123,0.065383,0.000000,0.0000,NonMonster,NM-P2-[8,1,0],62
1.412126,0.137870,0.000000,0.0000,NonMonster,NM-P2-[14,1,0],62
206.053636,13.873910,0.000000,0.0000,NonMonster,NM-P2-[2061,139,0],71
68.460000,4.816445,0.000000,0.0000,NonMonster,NM-P2-[685,48,0],72
0.031305,0.001732,0.000000,0.0000,NonMonster,NM-P2-[0,0,0],62
0.062225,0.013416,0.000000,0.0000,NonMonster,NM-P2-[1,0,0],62
0.241495,0.028844,0.000000,0.0000,NonMonster,NM-P2-[2,0,0],62
2.947153,0.203846,0.000000,0.0000,NonMonster,NM-P2-[29,2,0],62
0.010000,0.001732,0.000000,0.0000,NonMonster,NM-P3-[0,0,0],62
0.067082,0.008485,0.000000,0.0000,NonMonster,NM-P3-[1,0,0],62
2.854966,0.207846,0.000000,0.0000,NonMonster,NM-P2-[29,2,0],62
93.253611,6.664932,0.000000,0.0000,NonMonster,NM-P2-[933,67,0],73
5.180264,0.274955,0.000000,0.0000,NonMonster,NM-P2-[52,3,0],65
0.053740,0.000000,0.000000,0.0000,NonMonster,NM-P2-[1,0,0],62
0.147173,0.003317,0.000000,0.0000,NonMonster,NM-P2-[1,0,0],62
1.044636,0.096000,0.000000,0.0000,NonMonster,NM-P2-[10,1,0],62
0.034395,0.006000,0.000000,0.0000,NonMonster,NM-P2-[0,0,0],62
0.986354,0.115100,0.000000,0.0000,NonMonster,NM-P2-[10,1,0],62
0.849830,0.075047,0.000000,0.0000,NonMonster,NM-P2-[8,1,0],62
8.580000,0.571577,0.000000,0.0000,NonMonster,NM-P2-[86,6,0],63
1.686866,0.189737,0.000000,0.0000,NonMonster,NM-P2-[17,2,0],62
60.574401,4.504625,0.000000,0.0000,NonMonster,NM-P2-[606,45,0],74
0.555805,0.050912,0.000000,0.0000,NonMonster,NM-P2-[6,1,0],62
0.058788,0.000000,0.000000,0.0000,NonMonster,NM-P3-[1,0,0],62
0.031305,0.001732,0.000000,0.0000,NonMonster,NM-P2-[0,0,0],62
12.916024,1.021193,0.000000,0.0000,NonMonster,NM-P2-[129,10,0],75
0.034000,0.008944,0.000000,0.0000,NonMonster,NM-P3-[0,0,0],62
1.358983,0.098631,0.000000,0.0000,NonMonster,NM-P2-[14,1,0],62
0.118983,0.015652,0.000000,0.0000,NonMonster,NM-P2-[1,0,0],62
0.135554,0.005657,0.000000,0.0000,NonMonster,NM-P2-[1,0,0],62
0.172000,0.012000,0.000000,0.0000,NonMonster,NM-P2-[2,0,0],62
2.135970,0.209838,0.000000,0.0000,NonMonster,NM-P2-[21,2,0],62
2.142206,0.189905,0.000000,0.0000,NonMonster,NM-P2-[21,2,0],62
2.191934,0.241495,0.000000,0.0000,NonMonster,NM-P2-[22,2,0],62
2.145297,0.203281,0.000000,0.0000,NonMonster,NM-P2-[21,2,0],62
57.118302,4.736033,0.000000,0.0000,NonMonster,NM-P2-[571,47,0],76
4.995998,0.290496,0.000000,0.0000,NonMonster,NM-P2-[50,3,0],65
2.831784,0.228631,0.000000,0.0000,NonMonster,NM-P2-[28,2,0],62
5.622222,0.547569,0.000000,0.0000,NonMonster,NM-P2-[56,5,0],63
0.562344,0.026833,0.000000,0.0000,NonMonster,NM-P2-[6,0,0],62
0.410496,0.022361,0.000000,0.0000,NonMonster,NM-P2-[4,0,0],62
4.049826,0.288979,0.000000,0.0000,NonMonster,NM-P2-[40,3,0],65
1.326027,0.147885,0.000000,0.0000,NonMonster,NM-P2-[13,1,0],62
0.641099,0.107880,0.000000,0.0000,NonMonster,NM-P2-[6,1,0],62
0.056338,0.004000,0.000000,0.0000,NonMonster,NM-P2-[1,0,0],62
0.379319,0.024000,0.000000,0.0000,NonMonster,NM-P2-[4,0,0],62
26.360206,1.616454,0.000000,0.0000,NonMonster,NM-P2-[264,16,0],64
0.384515,0.020000,0.000000,0.0000,NonMonster,NM-P2-[4,0,0],62
5.764304,0.710000,0.000000,0.0000,NonMonster,NM-P2-[58,7,0],63
0.024597,0.001732,0.000000,0.0000,NonMonster,NM-P2-[0,0,0],62
0.024597,0.001000,0.000000,0.0000,NonMonster,NM-P2-[0,0,0],62
0.024597,0.003464,0.000000,0.0000,NonMonster,NM-P2-[0,0,0],62
0.372228,0.065383,0.000000,0.0000,NonMonster,NM-P2-[4,1,0],62
0.068790,0.002828,0.000000,0.0000,NonMonster,NM-P2-[1,0,0],62
8.134486,0.979600,0.000000,0.0000,NonMonster,NM-P2-[81,10,0],63
0.577862,0.031177,0.000000,0.0000,NonMonster,NM-P2-[6,0,0],62
0.549560,0.035000,0.000000,0.0000,NonMonster,NM-P2-[5,0,0],62
0.534000,0.030594,0.000000,0.0000,NonMonster,NM-P2-[5,0,0],62
50.699209,3.006000,0.000000,0.0000,NonMonster,NM-P2-[507,30,0],77
2.267353,0.116546,0.000000,0.0000,NonMonster,NM-P2-[23,1,0],62
0.069570,0.006928,0.000000,0.0000,NonMonster,NM-P2-[1,0,0],62
0.261207,0.033675,0.000000,0.0000,NonMonster,NM-P2-[3,0,0],62
0.029069,0.002828,0.000000,0.0000,NonMonster,NM-P2-[0,0,0],62
0.034395,0.003464,0.000000,0.0000,NonMonster,NM-P2-[0,0,0],62
0.034395,0.003464,0.000000,0.0000,NonMonster,NM-P2-[0,0,0],62
0.069570,0.006928,0.000000,0.0000,NonMonster,NM-P2-[1,0,0],62
0.222304,0.044272,0.000000,0.0000,NonMonster,NM-P2-[2,0,0],62
3.390926,0.247871,0.000000,0.0000,NonMonster,NM-P2-[34,2,0],65
0.044978,0.004000,0.000000,0.0000,NonMonster,NM-P2-[0,0,0],62
0.047624,0.006000,0.000000,0.0000,NonMonster,NM-P2-[0,0,0],62
0.063498,0.004899,0.000000,0.0000,NonMonster,NM-P2-[1,0,0],62
1.042059,0.083138,0.000000,0.0000,NonMonster,NM-P2-[10,1,0],62
0.299633,0.007483,0.000000,0.0000,NonMonster,NM-P2-[3,0,0],62
0.808967,0.017436,0.000000,0.0000,NonMonster,NM-P2-[8,0,0],62
0.548109,0.016971,0.000000,0.0000,NonMonster,NM-P2-[5,0,0],62
0.486818,0.030984,0.000000,0.0000,NonMonster,NM-P2-[5,0,0],62
0.209227,0.009950,0.000000,0.0000,NonMonster,NM-P2-[2,0,0],62
0.050269,0.001732,0.000000,0.0000,NonMonster,NM-P2-[1,0,0],62
0.075000,0.004000,0.000000,0.0000,NonMonster,NM-P2-[1,0,0],62
0.011314,0.001414,0.000000,0.0000,NonMonster,NM-P5-[0,0,0],62
0.356931,0.019365,0.000000,0.0000,NonMonster,NM-P2-[4,0,0],62
1.499855,0.088544,0.000000,0.0000,NonMonster,NM-P2-[15,1,0],62
0.593275,0.049193,0.000000,0.0000,NonMonster,NM-P2-[6,0,0],62
0.225404,0.006325,0.000000,0.0000,NonMonster,NM-P2-[2,0,0],62
0.906961,0.070000,0.000000,0.0000,NonMonster,NM-P2-[9,1,0],62
0.079599,0.005196,0.000000,0.0000,NonMonster,NM-P2-[1,0,0],62
0.156978,0.011180,0.000000,0.0000,NonMonster,NM-P2-[2,0,0],62
0.029069,0.000000,0.000000,0.0000,NonMonster,NM-P2-[0,0,0],62
0.060852,0.004000,0.000000,0.0000,NonMonster,NM-P2-[1,0,0],62
0.034395,0.003464,0.000000,0.0000,NonMonster,NM-P2-[0,0,0],62
0.079057,0.017146,0.000000,0.0000,NonMonster,NM-P2-[1,0,0],62
0.170411,0.009000,0.000000,0.0000,NonMonster,NM-P2-[2,0,0],62
0.029069,0.000000,0.000000,0.0000,NonMonster,NM-P2-[0,0,0],62
2.800320,0.228631,0.000000,0.0000,NonMonster,NM-P2-[28,2,0],62
2.123659,0.214774,0.000000,0.0000,NonMonster,NM-P2-[21,2,0],62
2.142206,0.200903,0.000000,0.0000,NonMonster,NM-P2-[21,2,0],62
2.197848,0.214774,0.000000,0.0000,NonMonster,NM-P2-[22,2,0],62
2.089333,0.177088,0.000000,0.0000,NonMonster,NM-P2-[21,2,0],62
0.129800,0.002646,0.000000,0.0000,NonMonster,NM-P2-[1,0,0],62
0.528500,0.048000,0.000000,0.0000,NonMonster,NM-P2-[5,0,0],62
0.560962,0.024000,0.000000,0.0000,NonMonster,NM-P2-[6,0,0],62
0.574540,0.025456,0.000000,0.0000,NonMonster,NM-P2-[6,0,0],62
0.555805,0.028862,0.000000,0.0000,NonMonster,NM-P2-[6,0,0],62
0.549560,0.019365,0.000000,0.0000,NonMonster,NM-P2-[5,0,0],62
0.160801,0.012649,0.000000,0.0000,NonMonster,NM-P2-[2,0,0],62
0.738804,0.047948,0.000000,0.0000,NonMonster,NM-P2-[7,0,0],62
0.523975,0.032000,0.000000,0.0000,NonMonster,NM-P2-[5,0,0],62
57.513781,4.461351,0.000000,0.0000,NonMonster,NM-P2-[575,45,0],76
5.015352,0.311768,0.000000,0.0000,NonMonster,NM-P2-[50,3,0],65
1.375139,0.151789,0.000000,0.0000,NonMonster,NM-P2-[14,2,0],62
0.033541,0.000000,0.000000,0.0000,NonMonster,NM-P5-[0,0,0],62
21.527912,1.549378,0.000000,0.0000,NonMonster,NM-P2-[215,15,0],66
2.173535,0.162776,0.000000,0.0000,NonMonster,NM-P2-[22,2,0],62
86.416035,5.306649,0.000000,0.0000,NonMonster,NM-P2-[864,53,0],78
80.203340,5.028558,0.000000,0.0000,NonMonster,NM-P2-[802,50,0],79
35.169015,2.484839,0.000000,0.0000,NonMonster,NM-P2-[352,25,0],67
21.186411,1.708787,0.000000,0.0000,NonMonster,NM-P2-[212,17,0],66
0.063000,0.004243,0.000000,0.0000,NonMonster,NM-P2-[1,0,0],62
0.031305,0.001732,0.000000,0.0000,NonMonster,NM-P2-[0,0,0],62
1.090049,0.109545,0.000000,0.0000,NonMonster,NM-P2-[11,1,0],62
0.538363,0.016000,0.000000,0.0000,NonMonster,NM-P2-[5,0,0],62
0.514859,0.032000,0.000000,0.0000,NonMonster,NM-P2-[5,0,0],62
0.018000,0.001000,0.000000,0.0000,NonMonster,NM-P2-[0,0,0],62
0.456557,0.033675,0.000000,0.0000,NonMonster,NM-P2-[5,0,0],62
0.274955,0.033675,0.000000,0.0000,NonMonster,NM-P2-[3,0,0],62
1.039447,0.047958,0.000000,0.0000,NonMonster,NM-P2-[10,0,0],62
0.947523,0.089084,0.000000,0.0000,NonMonster,NM-P2-[9,1,0],62
0.295000,0.036483,0.000000,0.0000,NonMonster,NM-P2-[3,0,0],62
0.758247,0.080000,0.000000,0.0000,NonMonster,NM-P2-[8,1,0],62
0.022000,0.000000,0.000000,0.0000,NonMonster,NM-P2-[0,0,0],62
0.108167,0.006000,0.000000,0.0000,NonMonster,NM-P2-[1,0,0],62
5.640286,0.656146,0.000000,0.0000,NonMonster,NM-P2-[56,7,0],63
0.201246,0.015811,0.000000,0.0000,NonMonster,NM-P2-[2,0,0],62
0.044978,0.004000,0.000000,0.0000,NonMonster,NM-P2-[0,0,0],62
0.031305,0.001732,0.000000,0.0000,NonMonster,NM-P2-[0,0,0],62
0.749557,0.068586,0.000000,0.0000,NonMonster,NM-P2-[7,1,0],62
7.264293,0.492444,0.000000,0.0000,NonMonster,NM-P2-[73,5,0],63
0.170411,0.000000,0.000000,0.0000,NonMonster,NM-P2-[2,0,0],62
0.252042,0.014422,0.000000,0.0000,NonMonster,NM-P2-[3,0,0],62
0.044000,0.003464,0.000000,0.0000,NonMonster,NM-P31-[0,0,0],62
0.636000,0.065970,0.000000,0.0000,NonMonster,NM-P2-[6,1,0],62
0.693435,0.045000,0.000000,0.0000,NonMonster,NM-P2-[7,0,0],62
0.072732,0.000000,0.000000,0.0000,NonMonster,NM-P2-[1,0,0],62
0.636072,0.065818,0.000000,0.0000,NonMonster,NM-P2-[6,1,0],62
2.466181,0.180133,0.000000,0.0000,NonMonster,NM-P2-[25,2,0],62
0.002000,0.000000,0.000000,0.0000,NonMonster,NM-P2-[0,0,0],62
0.484665,0.028844,0.000000,0.0000,NonMonster,NM-P2-[5,0,0],62
21.935532,1.747849,0.000000,0.0000,NonMonster,NM-P2-[219,17,0],64
0.216887,0.030000,0.000000,0.0000,NonMonster,NM-P2-[2,0,0],62
0.915810,0.070000,0.000000,0.0000,NonMonster,NM-P2-[9,1,0],62
0.885537,0.075047,0.000000,0.0000,NonMonster,NM-P2-[9,1,0],62
0.224499,0.032450,0.000000,0.0000,NonMonster,NM-P2-[2,0,0],62
4.445121,0.377323,0.000000,0.0000,NonMonster,NM-P2-[44,4,0],65
3.371409,0.271794,0.000000,0.0000,NonMonster,NM-P2-[34,3,0],65
8.383541,0.467644,0.000000,0.0000,NonMonster,NM-P2-[84,5,0],63
0.806102,0.063640,0.000000,0.0000,NonMonster,NM-P2-[8,1,0],62
1.344132,0.141421,0.000000,0.0000,NonMonster,NM-P2-[13,1,0],62
1.050831,0.072746,0.000000,0.0000,NonMonster,NM-P2-[11,1,0],62
0.001000,0.000000,0.000000,0.0000,NonMonster,NM-P2-[0,0,0],62
1.089056,0.070000,0.000000,0.0000,NonMonster,NM-P2-[11,1,0],62
1.041877,0.076733,0.000000,0.0000,NonMonster,NM-P2-[10,1,0],62
1.045610,0.067550,0.000000,0.0000,NonMonster,NM-P2-[10,1,0],62
1.121447,0.074081,0.000000,0.0000,NonMonster,NM-P2-[11,1,0],62
1.138657,0.071386,0.000000,0.0000,NonMonster,NM-P2-[11,1,0],62
1.034327,0.088335,0.000000,0.0000,NonMonster,NM-P2-[10,1,0],62
1.042649,0.095247,0.000000,0.0000,NonMonster,NM-P2-[10,1,0],62
1.055616,0.068790,0.000000,0.0000,NonMonster,NM-P2-[11,1,0],62
1.072877,0.076485,0.000000,0.0000,NonMonster,NM-P2-[11,1,0],62
1.056931,0.093531,0.000000,0.0000,NonMonster,NM-P2-[11,1,0],62
1.052821,0.074081,0.000000,0.0000,NonMonster,NM-P2-[11,1,0],62
1.055616,0.067550,0.000000,0.0000,NonMonster,NM-P2-[11,1,0],62
1.096088,0.068790,0.000000,0.0000,NonMonster,NM-P2-[11,1,0],62
1.085497,0.079373,0.000000,0.0000,NonMonster,NM-P2-[11,1,0],62
0.725843,0.036000,0.000000,0.0000,NonMonster,NM-P2-[7,0,0],62
0.268567,0.013266,0.000000,0.0000,NonMonster,NM-P2-[3,0,0],62
1.671429,0.172604,0.000000,0.0000,NonMonster,NM-P2-[17,2,0],62
1.251967,0.124708,0.000000,0.0000,NonMonster,NM-P2-[13,1,0],62
0.126194,0.012247,0.000000,0.0000,NonMonster,NM-P2-[1,0,0],62
0.031843,0.000000,0.000000,0.0000,NonMonster,NM-P2-[0,0,0],62
16.701000,1.076131,0.000000,0.0000,NonMonster,NM-P2-[167,11,0],70
0.093000,0.012247,0.000000,0.0000,NonMonster,NM-P2-[1,0,0],62
0.096167,0.008000,0.000000,0.0000,NonMonster,NM-P2-[1,0,0],62
1.103299,0.105830,0.000000,0.0000,NonMonster,NM-P2-[11,1,0],62
0.569210,0.048642,0.000000,0.0000,NonMonster,NM-P2-[6,0,0],62
2.151479,0.207954,0.000000,0.0000,NonMonster,NM-P2-[22,2,0],62
0.028000,0.000000,0.000000,0.0000,NonMonster,NM-P2-[0,0,0],62
0.200858,0.000000,0.000000,0.0000,NonMonster,NM-P2-[2,0,0],62
0.298838,0.018028,0.000000,0.0000,NonMonster,NM-P2-[3,0,0],62
0.484395,0.049193,0.000000,0.0000,NonMonster,NM-P2-[5,0,0],62
0.918559,0.068739,0.000000,0.0000,NonMonster,NM-P2-[9,1,0],62
0.666000,0.045000,0.000000,0.0000,NonMonster,NM-P2-[7,0,0],62
2.686466,0.233805,0.000000,0.0000,NonMonster,NM-P2-[27,2,0],62
0.484665,0.027111,0.000000,0.0000,NonMonster,NM-P2-[5,0,0],62
2.092960,0.200237,0.000000,0.0000,NonMonster,NM-P2-[21,2,0],62
1.031188,0.074101,0.000000,0.0000,NonMonster,NM-P2-[10,1,0],62
12.247786,0.948911,0.000000,0.0000,NonMonster,NM-P2-[122,9,0],75
0.966000,0.053889,0.000000,0.0000,NonMonster,NM-P2-[10,1,0],62
3.792963,0.237375,0.000000,0.0000,NonMonster,NM-P2-[38,2,0],65
21.374724,1.590512,0.000000,0.0000,NonMonster,NM-P2-[214,16,0],66
3.603619,0.264953,0.000000,0.0000,NonMonster,NM-P2-[36,3,0],65
0.138441,0.002828,0.000000,0.0000,NonMonster,NM-P2-[1,0,0],62
0.070711,0.004899,0.000000,0.0000,NonMonster,NM-P2-[1,0,0],62
0.440000,0.032833,0.000000,0.0000,NonMonster,NM-P2-[4,0,0],62
0.930232,0.055000,0.000000,0.0000,NonMonster,NM-P2-[9,1,0],62
5.577000,0.365491,0.000000,0.0000,NonMonster,NM-P2-[56,4,0],63
3.345700,0.349334,0.000000,0.0000,NonMonster,NM-P2-[33,3,0],65
0.742924,0.042426,0.000000,0.0000,NonMonster,NM-P2-[7,0,0],62
0.192000,0.038105,0.000000,0.0000,NonMonster,NM-P2-[2,0,0],62
0.180000,0.028460,0.000000,0.0000,NonMonster,NM-P2-[2,0,0],62
65.303690,4.341961,0.000000,0.0000,NonMonster,NM-P2-[653,43,0],80
68.220000,4.744373,0.000000,0.0000,NonMonster,NM-P2-[682,47,0],72
4.901821,0.309684,0.000000,0.0000,NonMonster,NM-P2-[49,3,0],65
1.464155,0.110788,0.000000,0.0000,NonMonster,NM-P2-[15,1,0],62
2.249569,0.151789,0.000000,0.0000,NonMonster,NM-P2-[22,2,0],62
3.344230,0.286601,0.000000,0.0000,NonMonster,NM-P2-[33,3,0],65
0.896000,0.117260,0.000000,0.0000,NonMonster,NM-P2-[9,1,0],62
2.160753,0.213864,0.000000,0.0000,NonMonster,NM-P2-[22,2,0],62
0.201633,0.015000,0.000000,0.0000,NonMonster,NM-P2-[2,0,0],62
0.714675,0.033571,0.000000,0.0000,NonMonster,NM-P2-[7,0,0],62
0.338030,0.013856,0.000000,0.0000,NonMonster,NM-P2-[3,0,0],62
0.075895,0.002646,0.000000,0.0000,NonMonster,NM-P2-[1,0,0],62
58.125986,4.652833,0.000000,0.0000,NonMonster,NM-P2-[581,47,0],74
4.995998,0.303109,0.000000,0.0000,NonMonster,NM-P2-[50,3,0],65
31.009013,2.209002,0.000000,0.0000,NonMonster,NM-P2-[310,22,0],81
0.090067,0.004472,0.000000,0.0000,NonMonster,NM-P2-[1,0,0],62
11.463141,0.943186,0.000000,0.0000,NonMonster,NM-P2-[115,9,0],63
0.157150,0.009487,0.000000,0.0000,NonMonster,NM-P2-[2,0,0],62
5.741819,0.575473,0.000000,0.0000,NonMonster,NM-P2-[57,6,0],63
14.593427,1.077577,0.000000,0.0000,NonMonster,NM-P2-[146,11,0],75
2.910326,0.203843,0.000000,0.0000,NonMonster,NM-P2-[29,2,0],62
2.994990,0.181196,0.000000,0.0000,NonMonster,NM-P2-[30,2,0],65
2.220066,0.180133,0.000000,0.0000,NonMonster,NM-P2-[22,2,0],62
0.039192,0.001414,0.000000,0.0000,NonMonster,NM-P2-[0,0,0],62
0.108167,0.008944,0.000000,0.0000,NonMonster,NM-P2-[1,0,0],62
4.114649,0.352695,0.000000,0.0000,NonMonster,NM-P2-[41,4,0],65
3.227817,0.232964,0.000000,0.0000,NonMonster,NM-P2-[32,2,0],65
1.125983,0.089118,0.000000,0.0000,NonMonster,NM-P2-[11,1,0],62
0.835547,0.067082,0.000000,0.0000,NonMonster,NM-P2-[8,1,0],62
0.108167,0.006000,0.000000,0.0000,NonMonster,NM-P2-[1,0,0],62
4.946038,0.294915,0.000000,0.0000,NonMonster,NM-P2-[49,3,0],65
6.188667,0.467430,0.000000,0.0000,NonMonster,NM-P2-[62,5,0],63
6.379202,0.666642,0.000000,0.0000,NonMonster,NM-P2-[64,7,0],63
1.340466,0.135765,0.000000,0.0000,NonMonster,NM-P2-[13,1,0],62
2.428629,0.164536,0.000000,0.0000,NonMonster,NM-P2-[24,2,0],62
3.255517,0.322834,0.000000,0.0000,NonMonster,NM-P2-[33,3,0],65
5.860339,0.540000,0.000000,0.0000,NonMonster,NM-P2-[59,5,0],63
0.699920,0.032000,0.000000,0.0000,NonMonster,NM-P2-[7,0,0],62
0.747548,0.053600,0.000000,0.0000,NonMonster,NM-P2-[7,1,0],62
0.148000,0.002828,0.000000,0.0000,NonMonster,NM-P2-[1,0,0],62
57.831108,4.771557,0.000000,0.0000,NonMonster,NM-P2-[578,48,0],74
4.926640,0.282425,0.000000,0.0000,NonMonster,NM-P2-[49,3,0],65
60.819868,4.934595,0.000000,0.0000,NonMonster,NM-P2-[608,49,0],74
0.172116,0.012000,0.000000,0.0000,NonMonster,NM-P2-[2,0,0],62
2.212522,0.142429,0.000000,0.0000,NonMonster,NM-P2-[22,1,0],62
44.357097,4.039142,0.000000,0.0000,NonMonster,NM-P2-[444,40,0],82
3.062522,0.296648,0.000000,0.0000,NonMonster,NM-P2-[31,3,0],65
0.336535,0.059397,0.000000,0.0000,NonMonster,NM-P2-[3,1,0],62
16.785294,1.694391,0.000000,0.0000,NonMonster,NM-P2-[168,17,0],70
20.943941,1.654630,0.000000,0.0000,NonMonster,NM-P2-[209,17,0],66
62.045580,3.178124,0.000000,0.0000,NonMonster,NM-P2-[620,32,0],74
40.941301,2.402152,0.000000,0.0000,NonMonster,NM-P2-[409,24,0],83
105.641753,6.275208,0.000000,0.0000,NonMonster,NM-P2-[1056,63,0],84
1.223863,0.085000,0.000000,0.0000,NonMonster,NM-P2-[12,1,0],62
1.140025,0.078384,0.000000,0.0000,NonMonster,NM-P2-[11,1,0],62
3.823103,0.290732,0.000000,0.0000,NonMonster,NM-P2-[38,3,0],65
10.852441,1.041718,0.000000,0.0000,NonMonster,NM-P2-[109,10,0],63
0.933256,0.075047,0.000000,0.0000,NonMonster,NM-P2-[9,1,0],62
0.401637,0.023216,0.000000,0.0000,NonMonster,NM-P2-[4,0,0],62
0.342929,0.052000,0.000000,0.0000,NonMonster,NM-P2-[3,1,0],62
1.715153,0.120636,0.000000,0.0000,NonMonster,NM-P2-[17,1,0],62
0.986354,0.058788,0.000000,0.0000,NonMonster,NM-P2-[10,1,0],62
0.921451,0.067882,0.000000,0.0000,NonMonster,NM-P2-[9,1,0],62
0.905097,0.084664,0.000000,0.0000,NonMonster,NM-P2-[9,1,0],62
0.039192,0.006000,0.000000,0.0000,NonMonster,NM-P2-[0,0,0],62
1.791000,0.129453,0.000000,0.0000,NonMonster,NM-P2-[18,1,0],62
17.727000,1.131108,0.000000,0.0000,NonMonster,NM-P2-[177,11,0],70
6.070457,0.552378,0.000000,0.0000,NonMonster,NM-P2-[61,6,0],63
1.067679,0.106066,0.000000,0.0000,NonMonster,NM-P2-[11,1,0],62
0.272044,0.006633,0.000000,0.0000,NonMonster,NM-P2-[3,0,0],62
8.792125,0.616548,0.000000,0.0000,NonMonster,NM-P2-[88,6,0],63
0.835547,0.072125,0.000000,0.0000,NonMonster,NM-P2-[8,1,0],62
0.573291,0.030984,0.000000,0.0000,NonMonster,NM-P2-[6,0,0],62
1.676320,0.096167,0.000000,0.0000,NonMonster,NM-P2-[17,1,0],62
2.586020,0.119000,0.000000,0.0000,NonMonster,NM-P2-[26,1,0],62
5.676653,0.438812,0.000000,0.0000,NonMonster,NM-P2-[57,4,0],63
1.392000,0.104957,0.000000,0.0000,NonMonster,NM-P2-[14,1,0],62
0.172000,0.006325,0.000000,0.0000,NonMonster,NM-P2-[2,0,0],62
0.618255,0.051595,0.000000,0.0000,NonMonster,NM-P2-[6,1,0],62
11.318057,0.678823,0.000000,0.0000,NonMonster,NM-P2-[113,7,0],63
1.067731,0.118322,0.000000,0.0000,NonMonster,NM-P2-[11,1,0],62
0.302137,0.028862,0.000000,0.0000,NonMonster,NM-P2-[3,0,0],62
1.124316,0.090000,0.000000,0.0000,NonMonster,NM-P2-[11,1,0],62
0.825109,0.035693,0.000000,0.0000,NonMonster,NM-P2-[8,0,0],62
4.536481,0.305470,0.000000,0.0000,NonMonster,NM-P2-[45,3,0],65
4.262465,0.362324,0.000000,0.0000,NonMonster,NM-P2-[43,4,0],65
21.834377,2.385748,0.000000,0.0000,NonMonster,NM-P2-[218,24,0],66
47.108931,3.386056,0.000000,0.0000,NonMonster,NM-P2-[471,34,0],69
17.124742,1.305900,0.000000,0.0000,NonMonster,NM-P2-[171,13,0],70
30.490754,1.886568,0.000000,0.0000,NonMonster,NM-P2-[305,19,0],81
30.668829,1.917001,0.000000,0.0000,NonMonster,NM-P2-[307,19,0],81
360.278390,22.178404,0.000000,0.0000,NonMonster,NM-P2-[3603,222,0],85
22.820258,1.578713,0.000000,0.0000,NonMonster,NM-P2-[228,16,0],64
30.636174,1.957141,0.000000,0.0000,NonMonster,NM-P2-[306,20,0],81
12.500203,0.992536,0.000000,0.0000,NonMonster,NM-P2-[125,10,0],75
0.143300,0.009000,0.000000,0.0000,NonMonster,NM-P2-[1,0,0],62
43.406068,2.827944,0.000000,0.0000,NonMonster,NM-P2-[434,28,0],82
96.947879,6.647000,0.000000,0.0000,NonMonster,NM-P2-[969,66,0],86
3.744838,0.224633,0.000000,0.0000,NonMonster,NM-P2-[37,2,0],65
44.434884,2.906706,0.000000,0.0000,NonMonster,NM-P2-[444,29,0],82
279.722668,19.149295,0.000000,0.0000,NonMonster,NM-P2-[2797,191,0],87
44.708102,3.111376,0.000000,0.0000,NonMonster,NM-P2-[447,31,0],82
75.047369,5.032793,0.000000,0.0000,NonMonster,NM-P2-[750,50,0],88
3.073010,0.247871,0.000000,0.0000,NonMonster,NM-P2-[31,2,0],65
115.824091,7.347981,0.000000,0.0000,NonMonster,NM-P2-[1158,73,0],89
434.505812,27.956982,0.000000,0.0000,NonMonster,NM-P2-[4345,280,0],90
58.144799,3.902714,0.000000,0.0000,NonMonster,NM-P2-[581,39,0],74
4.027680,0.412432,0.000000,0.0000,NonMonster,NM-P2-[40,4,0],65
64.199242,3.274032,0.000000,0.0000,NonMonster,NM-P2-[642,33,0],80
11.160442,0.728335,0.000000,0.0000,NonMonster,NM-P2-[112,7,0],63
24.049753,1.679866,0.000000,0.0000,NonMonster,NM-P2-[240,17,0],64
2.529114,0.185103,0.000000,0.0000,NonMonster,NM-P2-[25,2,0],62
0.050269,0.001732,0.000000,0.0000,NonMonster,NM-P2-[1,0,0],62
3.567149,0.303341,0.000000,0.0000,NonMonster,NM-P2-[36,3,0],65
0.395311,0.032450,0.000000,0.0000,NonMonster,NM-P2-[4,0,0],62
1.510380,0.156000,0.000000,0.0000,NonMonster,NM-P2-[15,2,0],62
1.588269,0.087430,0.000000,0.0000,NonMonster,NM-P2-[16,1,0],62
2.011209,0.107517,0.000000,0.0000,NonMonster,NM-P2-[20,1,0],62
2.090983,0.147580,0.000000,0.0000,NonMonster,NM-P2-[21,1,0],62
2.333761,0.193990,0.000000,0.0000,NonMonster,NM-P2-[23,2,0],62
4.267048,0.299038,0.000000,0.0000,NonMonster,NM-P2-[43,3,0],65
8.875288,0.627096,0.000000,0.0000,NonMonster,NM-P2-[89,6,0],63
2.203471,0.140000,0.000000,0.0000,NonMonster,NM-P2-[22,1,0],62
2.318783,0.157150,0.000000,0.0000,NonMonster,NM-P2-[23,2,0],62
192.076511,13.364384,0.000000,0.0000,NonMonster,NM-P2-[1921,134,0],91
2.204725,0.171394,0.000000,0.0000,NonMonster,NM-P2-[22,2,0],62
7.679568,0.718967,0.000000,0.0000,NonMonster,NM-P2-[77,7,0],63
2.291288,0.174723,0.000000,0.0000,NonMonster,NM-P2-[23,2,0],62
1.008000,0.091548,0.000000,0.0000,NonMonster,NM-P2-[10,1,0],62
2.282123,0.114263,0.000000,0.0000,NonMonster,NM-P2-[23,1,0],62
3.925857,0.311768,0.000000,0.0000,NonMonster,NM-P2-[39,3,0],65
2.797076,0.209122,0.000000,0.0000,NonMonster,NM-P2-[28,2,0],62
16.872523,1.268129,0.000000,0.0000,NonMonster,NM-P2-[169,13,0],70
2.406464,0.174723,0.000000,0.0000,NonMonster,NM-P2-[24,2,0],62
8.675659,0.651302,0.000000,0.0000,NonMonster,NM-P2-[87,7,0],63
11.441418,0.936000,0.000000,0.0000,NonMonster,NM-P2-[114,9,0],63
1.373145,0.080424,0.000000,0.0000,NonMonster,NM-P2-[14,1,0],62
2.300453,0.135897,0.000000,0.0000,NonMonster,NM-P2-[23,1,0],62
2.355444,0.163156,0.000000,0.0000,NonMonster,NM-P2-[24,2,0],62
47.064932,4.381028,0.000000,0.0000,NonMonster,NM-P2-[471,44,0],69
3.944300,0.257758,0.000000,0.0000,NonMonster,NM-P2-[39,3,0],65
9.085577,0.782120,0.000000,0.0000,NonMonster,NM-P2-[91,8,0],63
36.792292,2.631918,0.000000,0.0000,NonMonster,NM-P2-[368,26,0],67
0.703124,0.027495,0.000000,0.0000,NonMonster,NM-P2-[7,0,0],62
1.083042,0.101823,0.000000,0.0000,NonMonster,NM-P2-[11,1,0],62
50.377462,3.595622,0.000000,0.0000,NonMonster,NM-P2-[504,36,0],77
15.826728,1.059674,0.000000,0.0000,NonMonster,NM-P2-[158,11,0],70
0.432701,0.041231,0.000000,0.0000,NonMonster,NM-P2-[4,0,0],62
195.791118,14.427588,0.000000,0.0000,NonMonster,NM-P2-[1958,144,0],92
1.277898,0.083516,0.000000,0.0000,NonMonster,NM-P2-[13,1,0],62
0.562050,0.031305,0.000000,0.0000,NonMonster,NM-P2-[6,0,0],62
0.537862,0.039230,0.000000,0.0000,NonMonster,NM-P2-[5,0,0],62
0.705685,0.053666,0.000000,0.0000,NonMonster,NM-P2-[7,1,0],62
0.046540,0.006000,0.000000,0.0000,NonMonster,NM-P2-[0,0,0],62
20.592306,1.460418,0.000000,0.0000,NonMonster,NM-P2-[206,15,0],66
2.084015,0.161000,0.000000,0.0000,NonMonster,NM-P2-[21,2,0],62
8.865000,0.680000,0.000000,0.0000,NonMonster,NM-P2-[89,7,0],63
9.049382,0.657739,0.000000,0.0000,NonMonster,NM-P2-[90,7,0],63
0.956309,0.062354,0.000000,0.0000,NonMonster,NM-P2-[10,1,0],62
8.805000,0.727164,0.000000,0.0000,NonMonster,NM-P2-[88,7,0],63
8.629112,0.682709,0.000000,0.0000,NonMonster,NM-P2-[86,7,0],63
2.592868,0.171825,0.000000,0.0000,NonMonster,NM-P2-[26,2,0],62
0.323639,0.014967,0.000000,0.0000,NonMonster,NM-P2-[3,0,0],62
1.033776,0.063498,0.000000,0.0000,NonMonster,NM-P2-[10,1,0],62
0.132000,0.003464,0.000000,0.0000,NonMonster,NM-P2-[1,0,0],62
0.192000,0.009487,0.000000,0.0000,NonMonster,NM-P2-[2,0,0],62
73.879164,7.529726,0.000000,0.0000,NonMonster,NM-P2-[739,75,0],88
6.758860,0.405033,0.000000,0.0000,NonMonster,NM-P2-[68,4,0],63
112.850252,8.859054,0.000000,0.0000,NonMonster,NM-P2-[1129,89,0],93
2.326446,0.149211,0.000000,0.0000,NonMonster,NM-P2-[23,1,0],62
0.142183,0.009487,0.000000,0.0000,NonMonster,NM-P2-[1,0,0],62
0.096182,0.009798,0.000000,0.0000,NonMonster,NM-P2-[1,0,0],62
0.096182,0.009798,0.000000,0.0000,NonMonster,NM-P2-[1,0,0],62
0.130958,0.008485,0.000000,0.0000,NonMonster,NM-P2-[1,0,0],62
0.041641,0.003464,0.000000,0.0000,NonMonster,NM-P2-[0,0,0],62
0.013856,0.000000,0.000000,0.0000,NonMonster,NM-P3-[0,0,0],62
0.127216,0.006633,0.000000,0.0000,NonMonster,NM-P2-[1,0,0],62
0.762824,0.058138,0.000000,0.0000,NonMonster,NM-P2-[8,1,0],62
61.059751,3.562518,0.000000,0.0000,NonMonster,NM-P2-[611,36,0],74
115.210081,7.717267,0.000000,0.0000,NonMonster,NM-P2-[1152,77,0],89
39.786189,2.583988,0.000000,0.0000,NonMonster,NM-P2-[398,26,0],83
153.683678,11.257323,0.000000,0.0000,NonMonster,NM-P2-[1537,113,0],94
281.649551,19.719083,0.000000,0.0000,NonMonster,NM-P2-[2816,197,0],87
0.008485,0.002828,0.000000,0.0000,NonMonster,NM-P2-[0,0,0],62
36.076617,2.812014,0.000000,0.0000,NonMonster,NM-P2-[361,28,0],67
12.509520,0.804000,0.000000,0.0000,NonMonster,NM-P2-[125,8,0],75
0.995132,0.067082,0.000000,0.0000,NonMonster,NM-P2-[10,1,0],62
0.945000,0.062610,0.000000,0.0000,NonMonster,NM-P2-[9,1,0],62
1.070176,0.067550,0.000000,0.0000,NonMonster,NM-P2-[11,1,0],62
4.908000,0.375936,0.000000,0.0000,NonMonster,NM-P2-[49,4,0],65
0.600833,0.030512,0.000000,0.0000,NonMonster,NM-P2-[6,0,0],62
1.112430,0.063498,0.000000,0.0000,NonMonster,NM-P2-[11,1,0],62
0.287687,0.018028,0.000000,0.0000,NonMonster,NM-P2-[3,0,0],62
6.381825,0.414080,0.000000,0.0000,NonMonster,NM-P2-[64,4,0],63
85.341071,6.345038,0.000000,0.0000,NonMonster,NM-P2-[853,63,0],78
0.548109,0.057550,0.000000,0.0000,NonMonster,NM-P2-[5,1,0],62
0.072732,0.006000,0.000000,0.0000,NonMonster,NM-P2-[1,0,0],62
1.152430,0.120636,0.000000,0.0000,NonMonster,NM-P2-[12,1,0],62
0.250691,0.023238,0.000000,0.0000,NonMonster,NM-P3-[3,0,0],62
0.883883,0.054991,0.000000,0.0000,NonMonster,NM-P2-[9,1,0],62
142.165292,9.592759,0.000000,0.0000,NonMonster,NM-P2-[1422,96,0],95
21.542534,1.448552,0.000000,0.0000,NonMonster,NM-P2-[215,14,0],66
15.203799,1.641425,0.000000,0.0000,NonMonster,NM-P2-[152,16,0],75
0.418120,0.026192,0.000000,0.0000,NonMonster,NM-P2-[4,0,0],62
22.972061,1.547019,0.000000,0.0000,NonMonster,NM-P2-[230,15,0],64
12.856883,1.517241,0.000000,0.0000,NonMonster,NM-P2-[129,15,0],75
5.913801,0.513000,0.000000,0.0000,NonMonster,NM-P2-[59,5,0],63
5.450115,0.416548,0.000000,0.0000,NonMonster,NM-P2-[55,4,0],65
4.366872,0.360156,0.000000,0.0000,NonMonster,NM-P2-[44,4,0],65
3.480728,0.328030,0.000000,0.0000,NonMonster,NM-P2-[35,3,0],65
6.008328,0.339111,0.000000,0.0000,NonMonster,NM-P2-[60,3,0],63
0.997021,0.061188,0.000000,0.0000,NonMonster,NM-P2-[10,1,0],62
2.242019,0.139298,0.000000,0.0000,NonMonster,NM-P2-[22,1,0],62
2.295000,0.207101,0.000000,0.0000,NonMonster,NM-P2-[23,2,0],62
1.174714,0.091913,0.000000,0.0000,NonMonster,NM-P2-[12,1,0],62
66.976976,4.660271,0.000000,0.0000,NonMonster,NM-P2-[670,47,0],72
21.660774,1.707971,0.000000,0.0000,NonMonster,NM-P2-[217,17,0],66
281.529263,19.658535,0.000000,0.0000,NonMonster,NM-P2-[2815,197,0],87
4.257735,0.312410,0.000000,0.0000,NonMonster,NM-P2-[43,3,0],65
0.802623,0.050408,0.000000,0.0000,NonMonster,NM-P2-[8,1,0],62
27.207752,1.920901,0.000000,0.0000,NonMonster,NM-P2-[272,19,0],64
9.955998,0.507124,0.000000,0.0000,NonMonster,NM-P2-[100,5,0],63
115.804336,11.038086,0.000000,0.0000,NonMonster,NM-P2-[1158,110,0],96
12.755533,1.032209,0.000000,0.0000,NonMonster,NM-P2-[128,10,0],75
10.096071,0.610888,0.000000,0.0000,NonMonster,NM-P2-[101,6,0],63
5.429849,0.382105,0.000000,0.0000,NonMonster,NM-P2-[54,4,0],65
5.354580,0.352695,0.000000,0.0000,NonMonster,NM-P2-[54,4,0],65
3.825879,0.423638,0.000000,0.0000,NonMonster,NM-P2-[38,4,0],65
1.953000,0.127456,0.000000,0.0000,NonMonster,NM-P2-[20,1,0],62
2.182607,0.116653,0.000000,0.0000,NonMonster,NM-P2-[22,1,0],62
4.622900,0.284341,0.000000,0.0000,NonMonster,NM-P2-[46,3,0],65
0.932369,0.105830,0.000000,0.0000,NonMonster,NM-P2-[9,1,0],62
1.028366,0.076681,0.000000,0.0000,NonMonster,NM-P2-[10,1,0],62
111.541052,8.004000,0.000000,0.0000,NonMonster,NM-P2-[1115,80,0],93
0.835789,0.049193,0.000000,0.0000,NonMonster,NM-P2-[8,0,0],62
8.287243,0.575473,0.000000,0.0000,NonMonster,NM-P2-[83,6,0],63
0.384176,0.054083,0.000000,0.0000,NonMonster,NM-P2-[4,1,0],62
2.666482,0.276883,0.000000,0.0000,NonMonster,NM-P2-[27,3,0],62
1.088876,0.083516,0.000000,0.0000,NonMonster,NM-P2-[11,1,0],62
13.736556,1.131282,0.000000,0.0000,NonMonster,NM-P2-[137,11,0],75
3.163413,0.299565,0.000000,0.0000,NonMonster,NM-P2-[32,3,0],65
3.903869,0.309553,0.000000,0.0000,NonMonster,NM-P2-[39,3,0],65
14.891591,1.040464,0.000000,0.0000,NonMonster,NM-P2-[149,10,0],75
19.685761,1.323197,0.000000,0.0000,NonMonster,NM-P2-[197,13,0],66
31.153119,1.786376,0.000000,0.0000,NonMonster,NM-P2-[312,18,0],81
21.697177,1.199917,0.000000,0.0000,NonMonster,NM-P2-[217,12,0],66
1.197800,0.081633,0.000000,0.0000,NonMonster,NM-P2-[12,1,0],62
8.978659,0.513916,0.000000,0.0000,NonMonster,NM-P2-[90,5,0],63
1.192619,0.090730,0.000000,0.0000,NonMonster,NM-P2-[12,1,0],62
25.055240,1.732456,0.000000,0.0000,NonMonster,NM-P2-[251,17,0],64
36.900984,2.919109,0.000000,0.0000,NonMonster,NM-P2-[369,29,0],67
29.624000,1.988674,0.000000,0.0000,NonMonster,NM-P2-[296,20,0],81
20.073370,1.577959,0.000000,0.0000,NonMonster,NM-P2-[201,16,0],66
19.095155,1.295627,0.000000,0.0000,NonMonster,NM-P2-[191,13,0],66
20.082182,1.482560,0.000000,0.0000,NonMonster,NM-P2-[201,15,0],66
35.136383,2.477418,0.000000,0.0000,NonMonster,NM-P2-[351,25,0],67
9.811278,0.707771,0.000000,0.0000,NonMonster,NM-P2-[98,7,0],63
