symbol,x,y,z,ngram_count,syn_coverage,monster_density,connections
_ZN91_$LT$tracing_subscriber..registry..sharded..DataInner$u20$as$u20$core..default..Default$GT$7default13NULL_METADATA17ha58972ae8538c436E,0.596,0.038,13.370,60,0.0,0.5414,5
_ZN4jiff3fmt8friendly6parser10SpanParser17parse_suffix_sign17h8fc167860aa70cebE,31.752,1.888,13.339,75,0.0,0.4189,5
_ZN4jiff3fmt8friendly7printer16DesignatorWriter23maybe_write_suffix_sign17h33155d21799660b9E,1.208,0.053,12.819,65,0.0,0.4720,5
_ZN17rustc_driver_impl14describe_lints16sort_lint_groups17hca8852de193b033aE,5.277,0.335,12.805,65,0.0,0.4475,5
_ZN18tracing_subscriber6filter3env5field10ValueMatch15parse_non_regex17hb5ed8b6f0f62c26eE,2.920,0.232,12.669,65,0.0,0.5138,5
_ZN73_$LT$$RF$alloc..string..String$u20$as$u20$core..str..pattern..Pattern$GT$12is_prefix_of17hef1909e852a0f037E,2.334,0.182,12.544,65,0.0,0.5009,5
_ZN55_$LT$$RF$str$u20$as$u20$core..str..pattern..Pattern$GT$12is_prefix_of17h9be21b9e75621fffE,0.711,0.059,12.544,60,0.0,0.4343,5
_ZN4jiff3fmt8friendly6parser10SpanParser17parse_prefix_sign17h24b842386347d9b6E,7.462,0.455,12.544,65,0.0,0.3899,5
_ZN17rustc_driver_impl14handle_explain17h55f4c157236ede32E,125.098,8.776,12.522,80,0.0,0.4406,0
_ZN17rustc_driver_impl14handle_options3unw17h1c5256d23a140031E,0.358,0.034,12.522,60,0.0,0.5157,5
_ZN17rustc_driver_impl14handle_explain28_$u7b$$u7b$closure$u7d$$u7d$17hfda852e19d4e3562E,0.312,0.030,12.522,60,0.0,0.4954,5
_ZN17rustc_driver_impl10make_input17h2c7b3c7a01879094E,114.031,6.872,12.483,80,0.0,0.4775,2
_ZN17rustc_driver_impl10report_ice11FIRST_PANIC17h45d24472886fbeadE,0.000,0.000,12.483,60,0.0,0.5370,5
_ZN17rustc_driver_impl11make_output17h87b35194011778c7E,8.012,0.556,12.483,65,0.0,0.5452,5
_ZN17rustc_driver_impl14describe_lints10sort_lints17h097ca1b5ad0e3892E,3.230,0.239,12.483,65,0.0,0.5009,5
_ZN17rustc_driver_impl5usage17hc3a602a1a507e39dE,52.973,3.741,12.483,75,0.0,0.4379,5
_ZN17rustc_driver_impl8ICE_PATH17h2daad94c63ceab7cE,0.014,0.000,12.483,60,0.0,0.5075,5
_ZN81_$LT$rustc_driver_impl..TimePassesCallbacks$u20$as$u20$core..default..Default$GT$7default17h3412dbc39ccbac84E,0.007,0.000,12.483,60,0.0,0.5370,5
_ZN76_$LT$rustc_driver_impl..args..Expander$u20$as$u20$core..default..Default$GT$7default17he16e3e1d7a0c5ec6E,0.929,0.115,12.483,60,0.0,0.4378,5
_ZN17rustc_driver_impl4args8Expander6finish17h6bc99b9c96426224E,0.131,0.027,12.483,60,0.0,0.4795,5
_ZN17rustc_driver_impl4args8Expander3arg17h59b566ed76c465f1E,74.796,5.086,12.483,75,0.0,0.4288,4
_ZN17rustc_driver_impl4args8Expander9read_file17hd97d3ec3f5534086E,0.983,0.077,12.483,65,0.0,0.4536,5
_ZN17rustc_driver_impl6pretty5print28_$u7b$$u7b$closure$u7d$$u7d$17h41d64b8e087c4cb0E,10.787,0.886,12.483,70,0.0,0.4807,5
_ZN17rustc_driver_impl6pretty5print28_$u7b$$u7b$closure$u7d$$u7d$17h3abf1387bcc0c234E,3.221,0.226,12.483,65,0.0,0.5009,5
_ZN17rustc_driver_impl6pretty10get_source17hc64a357ac89257bbE,20.809,1.139,12.483,75,0.0,0.4826,5
_ZN17rustc_driver_impl6pretty14write_or_print17h21302716f851fd1aE,1.572,0.151,12.483,65,0.0,0.4965,5
_ZN17rustc_driver_impl12run_compiler28_$u7b$$u7b$closure$u7d$$u7d$28_$u7b$$u7b$closure$u7d$$u7d$17hec5a27431aa5b775E,0.286,0.022,12.483,60,0.0,0.4954,5
_ZN17rustc_driver_impl12run_compiler28_$u7b$$u7b$closure$u7d$$u7d$28_$u7b$$u7b$closure$u7d$$u7d$17h30109e64a399165bE,0.305,0.052,12.483,60,0.0,0.4378,5
_ZN17rustc_driver_impl12run_compiler28_$u7b$$u7b$closure$u7d$$u7d$28_$u7b$$u7b$closure$u7d$$u7d$28_$u7b$$u7b$closure$u7d$$u7d$17hef4a494cf3c55a0bE,0.707,0.042,12.483,60,0.0,0.4918,5
_ZN17rustc_driver_impl14describe_lints28_$u7b$$u7b$closure$u7d$$u7d$17h9cbc001fa25473d4E,5.934,0.458,12.483,65,0.0,0.3932,5
_ZN17rustc_driver_impl14describe_lints28_$u7b$$u7b$closure$u7d$$u7d$17hceeff1c5d3369b6fE,5.875,0.432,12.483,65,0.0,0.4375,5
_ZN17rustc_driver_impl5usage28_$u7b$$u7b$closure$u7d$$u7d$17hc98d17dbe27e291cE,0.631,0.027,12.483,60,0.0,0.5370,5
_ZN17rustc_driver_impl14signal_handler16backtrace_stderr17hed16e73d970b4f40E,1.286,0.073,12.483,65,0.0,0.4151,5
_ZN4jiff3fmt8temporal7printer15DateTimePrinter14print_zulu_buf17h9c348bf945805402E,0.550,0.050,12.473,60,0.0,0.4795,5
_ZN4jiff3fmt8temporal7printer15DateTimePrinter14print_zulu_wtr17h515622846c253358E,0.598,0.052,12.473,60,0.0,0.4795,5
_ZN4jiff15signed_duration14SignedDuration20try_from_millis_i12817h2d80cab9d3b1f8ecE,9.499,0.863,12.468,65,0.0,0.4188,5
_ZN4jiff3fmt8friendly7printer17FractionalPrinter28has_non_zero_fixed_precision17hc079641cf7e28576E,0.272,0.020,12.447,60,0.0,0.5233,5
_ZN17rustc_driver_impl12run_compiler28_$u7b$$u7b$closure$u7d$$u7d$10__CALLSITE4META17hdad3cfaf039e963bE,1.060,0.048,12.393,65,0.0,0.4793,5
_ZN17rustc_driver_impl6pretty5print10__CALLSITE4META17hdbea5b64a4514db5E,1.023,0.019,12.393,65,0.0,0.5325,5
_ZN17rustc_driver_impl6pretty5print10__CALLSITE4META17h0fc16022bf0afcafE,1.055,0.037,12.393,65,0.0,0.4793,5
_ZN17rustc_driver_impl6pretty5print10__CALLSITE4META17h6c182320991ca160E,1.061,0.036,12.393,65,0.0,0.4793,5
_ZN17rustc_driver_impl6pretty5print10__CALLSITE4META17h08d73cb47e03ea49E,1.023,0.036,12.393,65,0.0,0.5325,5
_ZN17rustc_driver_impl6pretty5print10__CALLSITE4META17haacd606a6ff44d56E,1.070,0.034,12.393,65,0.0,0.4793,5
_ZN17rustc_driver_impl6pretty5print10__CALLSITE4META17h4d28e2e76aa0c73bE,1.037,0.048,12.393,65,0.0,0.5325,5
_ZN17rustc_driver_impl6pretty5print10__CALLSITE4META17hf4de87750bdb0008E,1.022,0.029,12.393,65,0.0,0.5325,5
_ZN4jiff3fmt8friendly7printer17FractionalPrinter24has_zero_fixed_precision17h1cdaa585f9275b2aE,0.240,0.023,12.392,60,0.0,0.5538,5
_ZN4jiff3fmt8friendly7printer16DesignatorWriter23maybe_write_prefix_sign17h7b550a9390abf4e5E,1.112,0.048,12.371,65,0.0,0.4793,5
_ZN3std2io5error14repr_bitpacked14kind_from_prim17hd4372d09aa60d289E,53.380,3.336,12.350,75,0.0,0.4460,5
_ZN4core3ptr9const_ptr33_$LT$impl$u20$$BP$const$u20$T$GT$20offset_from_unsigned18precondition_check17h56a6d942e9f44d55E,3.115,0.226,12.350,65,0.0,0.4837,5
_ZN4core3ptr9const_ptr33_$LT$impl$u20$$BP$const$u20$T$GT$20offset_from_unsigned18precondition_check17h5384d106f8d2863eE,2.896,0.215,12.350,65,0.0,0.5266,5
_ZN3std2io5error14repr_bitpacked14kind_from_prim17ha4c317204b57531eE,53.380,3.336,12.350,75,0.0,0.4460,5
_ZN3std2io5error14repr_bitpacked14kind_from_prim17ha44cf6752ec369bbE,53.380,3.336,12.350,75,0.0,0.4460,5
_ZN4core3ptr9const_ptr33_$LT$impl$u20$$BP$const$u20$T$GT$20offset_from_unsigned18precondition_check17hbb3c632091330a4bE,2.868,0.264,12.350,65,0.0,0.4984,5
_ZN4jiff6shared5posix6Parser16parse_hour_posix17h77fb04da3c74052dE,9.266,0.737,12.200,65,0.0,0.4724,5
_ZN4jiff6shared5posix6Parser21parse_hour_ianav3plus17ha4fcd6e75f8a3047E,12.128,0.778,12.200,70,0.0,0.4866,5
_ZN4core3ptr25swap_nonoverlapping_bytes17hb08637b24be995aaE,4.670,0.299,12.166,65,0.0,0.4912,5
_ZN4core3ptr25swap_nonoverlapping_bytes25swap_nonoverlapping_short17ha2cae6dd495111c8E,8.643,0.586,12.166,65,0.0,0.5764,5
_ZN4core3ptr25swap_nonoverlapping_bytes25swap_nonoverlapping_short17hd0455da169df1201E,8.643,0.587,12.166,65,0.0,0.5764,5
_ZN17rustc_driver_impl15print_wall_help17h8273d3789145978aE,0.355,0.049,12.163,60,0.0,0.5495,5
_ZN4jiff15signed_duration14SignedDuration20try_from_micros_i12817h32a165318de6e2c4E,9.487,0.886,12.155,65,0.0,0.4500,5
_ZN4jiff3fmt8friendly7printer16DesignatorWriter16maybe_write_zero17h5abac2d052015259E,0.278,0.020,12.150,60,0.0,0.5292,5
_ZN4jiff3fmt8friendly7printer16DesignatorWriter16maybe_write_zero3imp17hd87804a96f6c10f6E,3.934,0.217,12.150,65,0.0,0.5039,5
_ZN4jiff3fmt8friendly7printer17FractionalPrinter17must_write_digits17h65520d1cff1127f6E,0.594,0.032,12.150,60,0.0,0.5709,5
_ZN4jiff3fmt8friendly7printer17FractionalPrinter17will_write_digits17h026068d9a18d4428E,0.198,0.017,12.150,60,0.0,0.5598,5
_ZN4jiff3fmt4util13DurationUnits14get_unit_value17h13a69ff0481572ecE,6.271,0.462,12.140,65,0.0,0.4636,5
_ZN4jiff3fmt4util13DurationUnits14get_unit_value7general17h59d703c62137100eE,14.208,0.801,12.140,70,0.0,0.4945,5
_ZN4jiff3fmt4util19duration_unit_value17h7a4209274313811eE,26.983,1.864,12.140,75,0.0,0.4774,5
_ZN4jiff3fmt8friendly6parser10SpanParser16parse_unit_value17hc579f73b4b51884eE,11.876,0.524,12.140,70,0.0,0.3914,5
_ZN4jiff3fmt8friendly6parser10SpanParser21parse_unit_designator17hca6f01695e70b581E,572.678,40.594,12.140,85,0.0,0.4933,0
_ZN4jiff6shared5posix6Parser20parse_posix_datetime17h0c0ee77466befebaE,15.718,1.270,12.094,75,0.0,0.3847,5
_ZN4jiff6shared5posix6Parser15parse_posix_dst17h96d9642bd0074339E,69.955,5.125,12.094,75,0.0,0.4641,3
_ZN4jiff6shared5posix6Parser18parse_posix_offset17hc38c6e61ac2c8ee3E,55.659,4.892,12.094,75,0.0,0.4041,5
_ZN4jiff6shared5posix6Parser16parse_posix_date17h62745d1f068619a5E,26.567,2.072,12.094,75,0.0,0.5380,5
_ZN4jiff6shared5posix6Parser16parse_posix_time17h74dcd7f3547fa9f6E,74.522,6.079,12.094,75,0.0,0.4470,4
_ZN4jiff3fmt8friendly6parser10SpanParser25parse_optional_whitespace17h476021dc93621ef9E,1.764,0.127,12.015,65,0.0,0.4761,5
_ZN4jiff3fmt8friendly6parser10SpanParser20parse_optional_comma17h4a45ba88b586c778E,21.222,1.154,12.015,75,0.0,0.5098,5
_ZN4jiff6shared5posix6Parser19parse_optional_sign17ha0eff0ecb5fcbaceE,3.915,0.322,12.015,65,0.0,0.4816,5
_ZN4jiff3fmt7strtime5parse19parse_optional_sign17hb60413fed4dcc1ebE,10.706,0.686,12.015,70,0.0,0.4871,5
_ZN4jiff3fmt8friendly7printer16DesignatorWriter25write_fractional_duration17h6c8c1ba22ee22cdbE,6.460,0.410,12.009,65,0.0,0.5132,5
_ZN17rustc_driver_impl26show_md_content_with_pager17h6611f8c74e9aa51aE,221.795,16.962,11.985,85,0.0,0.5024,0
_ZN72_$LT$sharded_slab..page..slot..State$u20$as$u20$core..cmp..PartialEq$GT$2eq17ha68a483e917f395bE,0.269,0.013,11.966,60,0.0,0.5212,5
_ZN62_$LT$sharded_slab..page..Local$u20$as$u20$core..fmt..Debug$GT$3fmt28_$u7b$$u7b$closure$u7d$$u7d$17hebf0d203044ff7dfE,6.519,0.444,11.966,65,0.0,0.4998,5
_ZN71_$LT$sharded_slab..tid..REGISTRY$u20$as$u20$core..ops..deref..Deref$GT$5deref11__stability4LAZY17he76004fa916f7f83E,0.014,0.000,11.966,60,0.0,0.5333,5
_ZN17rustc_driver_impl20ice_path_with_config10__CALLSITE4META17h0d76737c873e9ccaE,1.045,0.047,11.927,65,0.0,0.4752,5
_ZN17rustc_driver_impl20ice_path_with_config28_$u7b$$u7b$closure$u7d$$u7d$10__CALLSITE4META17hca08a18d60ba3c87E,1.028,0.042,11.927,65,0.0,0.4752,5
_ZN4jiff15signed_duration14SignedDuration19try_from_nanos_i12817h0763fbc9a8cf4897E,8.596,0.779,11.914,65,0.0,0.4990,5
_ZN65_$LT$smallvec..CollectionAllocErr$u20$as$u20$core..fmt..Debug$GT$3fmt17h54d0bea1bc0193cbE,2.606,0.185,11.903,65,0.0,0.5078,5
_ZN17rustc_driver_impl20describe_debug_flags17he30c655198124857E,0.763,0.080,11.884,60,0.0,0.4295,5
_ZN17rustc_driver_impl17parse_crate_attrs17h217b7d38e290cad0E,18.274,1.310,11.862,75,0.0,0.3976,5
_ZN17rustc_driver_impl16print_crate_info28_$u7b$$u7b$closure$u7d$$u7d$17h7e5580ad75734316E,0.377,0.011,11.862,60,0.0,0.4815,5
_ZN17rustc_driver_impl16print_crate_info28_$u7b$$u7b$closure$u7d$$u7d$17h861fb776b5351bbcE,14.656,0.964,11.862,75,0.0,0.4237,5
_ZN18tracing_subscriber6filter9directive74DirectiveSet$LT$tracing_subscriber..filter..directive..StaticDirective$GT$21directives_for_target17he9db80cbbed1aec9E,1.135,0.081,11.838,65,0.0,0.3828,5
_ZN4jiff3fmt8friendly6parser10SpanParser20parse_duration_units17h09ee1b2e710f2e9bE,109.127,7.573,11.775,80,0.0,0.4453,2
_ZN4jiff3fmt8friendly7printer11SpanPrinter18print_duration_hms17h04776666212bda88E,17.366,1.230,11.775,75,0.0,0.4268,5
_ZN4jiff3fmt8friendly7printer17FractionalPrinter21from_duration_seconds17h1099a5a2217ac0e6E,2.706,0.235,11.775,65,0.0,0.4799,5
_ZN4jiff3fmt8friendly7printer11SpanPrinter26print_duration_designators17h2464e39c94873521E,98.538,5.841,11.775,75,0.0,0.4111,1
_ZN17rustc_driver_impl38warn_on_confusing_output_filename_flag17hf1e471d3d3635a57E,111.722,7.035,11.755,80,0.0,0.3995,3
_ZN67_$LT$nu_ansi_term..style..Style$u20$as$u20$core..cmp..PartialEq$GT$2eq17hd55c38ed341069acE,8.927,0.526,11.753,65,0.0,0.4249,5
_ZN63_$LT$nu_ansi_term..style..Color$u20$as$u20$core..fmt..Debug$GT$3fmt17h812e80b8a7cee35eE,31.756,2.486,11.753,75,0.0,0.4245,5
_ZN12nu_ansi_term3rgb10rgb_negate17h12394e6701c5f1a8E,3.814,0.267,11.753,65,0.0,0.4506,5
