traversal_type,order,function_name,lattice_position,connections
BFS,0,_ZN17rustc_driver_impl14describe_lints28_$u7b$$u7b$closure$u7d$$u7d$17h9cbc001fa25473d4E,BFS_L0,5
BFS,1,_ZN17rustc_driver_impl6pretty10get_source17hc64a357ac89257bbE,BFS_L0,5
BFS,2,_ZN17rustc_driver_impl6pretty14write_or_print17h21302716f851fd1aE,BFS_L0,5
BFS,3,_ZN17rustc_driver_impl17parse_crate_attrs17h217b7d38e290cad0E,BFS_L0,5
BFS,4,_ZN17rustc_driver_impl14describe_lints10sort_lints17h097ca1b5ad0e3892E,BFS_L0,5
BFS,5,_ZN17rustc_driver_impl6pretty5print10__CALLSITE4META17h4d28e2e76aa0c73bE,BFS_L0,5
BFS,6,_ZN17rustc_driver_impl5usage28_$u7b$$u7b$closure$u7d$$u7d$17hc98d17dbe27e291cE,BFS_L0,5
BFS,7,_ZN17rustc_driver_impl4args8Expander3arg17h59b566ed76c465f1E,BFS_L0,4
BFS,8,_ZN17rustc_driver_impl26show_md_content_with_pager17h6611f8c74e9aa51aE,BFS_L0,0
BFS,9,_ZN17rustc_driver_impl20ice_path_with_config10__CALLSITE4META17h0d76737c873e9ccaE,BFS_L0,5
BFS,10,_ZN17rustc_driver_impl5usage17hc3a602a1a507e39dE,BFS_L0,5
BFS,11,_ZN81_$LT$rustc_driver_impl..TimePassesCallbacks$u20$as$u20$core..default..Default$GT$7default17h3412dbc39ccbac84E,BFS_L0,5
BFS,12,_ZN17rustc_driver_impl8ICE_PATH17h2daad94c63ceab7cE,BFS_L0,5
BFS,13,_ZN17rustc_driver_impl20ice_path_with_config28_$u7b$$u7b$closure$u7d$$u7d$10__CALLSITE4META17hca08a18d60ba3c87E,BFS_L0,5
BFS,14,_ZN17rustc_driver_impl14handle_options3unw17h1c5256d23a140031E,BFS_L0,5
BFS,15,_ZN17rustc_driver_impl14handle_explain17h55f4c157236ede32E,BFS_L0,0
BFS,16,_ZN17rustc_driver_impl12run_compiler28_$u7b$$u7b$closure$u7d$$u7d$10__CALLSITE4META17hdad3cfaf039e963bE,BFS_L0,5
BFS,17,_ZN17rustc_driver_impl11make_output17h87b35194011778c7E,BFS_L0,5
BFS,18,_ZN17rustc_driver_impl14describe_lints28_$u7b$$u7b$closure$u7d$$u7d$17hceeff1c5d3369b6fE,BFS_L0,5
BFS,19,_ZN76_$LT$rustc_driver_impl..args..Expander$u20$as$u20$core..default..Default$GT$7default17he16e3e1d7a0c5ec6E,BFS_L0,5
BFS,20,_ZN17rustc_driver_impl12run_compiler28_$u7b$$u7b$closure$u7d$$u7d$28_$u7b$$u7b$closure$u7d$$u7d$28_$u7b$$u7b$closure$u7d$$u7d$17hef4a494cf3c55a0bE,BFS_L0,5
BFS,21,_ZN17rustc_driver_impl10make_input17h2c7b3c7a01879094E,BFS_L0,2
BFS,22,_ZN17rustc_driver_impl14handle_explain28_$u7b$$u7b$closure$u7d$$u7d$17hfda852e19d4e3562E,BFS_L0,5
BFS,23,_ZN17rustc_driver_impl4args8Expander9read_file17hd97d3ec3f5534086E,BFS_L0,5
BFS,24,_ZN17rustc_driver_impl6pretty5print10__CALLSITE4META17hdbea5b64a4514db5E,BFS_L0,5
BFS,25,_ZN17rustc_driver_impl16print_crate_info28_$u7b$$u7b$closure$u7d$$u7d$17h7e5580ad75734316E,BFS_L0,5
BFS,26,_ZN17rustc_driver_impl6pretty5print10__CALLSITE4META17h0fc16022bf0afcafE,BFS_L0,5
BFS,27,_ZN17rustc_driver_impl14signal_handler16backtrace_stderr17hed16e73d970b4f40E,BFS_L0,5
BFS,28,_ZN17rustc_driver_impl20describe_debug_flags17he30c655198124857E,BFS_L0,5
BFS,29,_ZN17rustc_driver_impl6pretty5print10__CALLSITE4META17haacd606a6ff44d56E,BFS_L0,5
BFS,30,_ZN17rustc_driver_impl4args8Expander6finish17h6bc99b9c96426224E,BFS_L0,5
BFS,31,_ZN17rustc_driver_impl15print_wall_help17h8273d3789145978aE,BFS_L0,5
BFS,32,_ZN17rustc_driver_impl10report_ice11FIRST_PANIC17h45d24472886fbeadE,BFS_L0,5
BFS,33,_ZN17rustc_driver_impl6pretty5print10__CALLSITE4META17h6c182320991ca160E,BFS_L0,5
BFS,34,_ZN17rustc_driver_impl6pretty5print10__CALLSITE4META17hf4de87750bdb0008E,BFS_L0,5
BFS,35,_ZN17rustc_driver_impl6pretty5print28_$u7b$$u7b$closure$u7d$$u7d$17h41d64b8e087c4cb0E,BFS_L0,5
BFS,36,_ZN17rustc_driver_impl12run_compiler28_$u7b$$u7b$closure$u7d$$u7d$28_$u7b$$u7b$closure$u7d$$u7d$17h30109e64a399165bE,BFS_L0,5
BFS,37,_ZN17rustc_driver_impl6pretty5print10__CALLSITE4META17h08d73cb47e03ea49E,BFS_L0,5
BFS,38,_ZN17rustc_driver_impl38warn_on_confusing_output_filename_flag17hf1e471d3d3635a57E,BFS_L0,3
BFS,39,_ZN17rustc_driver_impl16print_crate_info28_$u7b$$u7b$closure$u7d$$u7d$17h861fb776b5351bbcE,BFS_L0,5
BFS,40,_ZN17rustc_driver_impl12run_compiler28_$u7b$$u7b$closure$u7d$$u7d$28_$u7b$$u7b$closure$u7d$$u7d$17hec5a27431aa5b775E,BFS_L0,5
BFS,41,_ZN17rustc_driver_impl14describe_lints16sort_lint_groups17hca8852de193b033aE,BFS_L0,5
BFS,42,_ZN17rustc_driver_impl6pretty5print28_$u7b$$u7b$closure$u7d$$u7d$17h3abf1387bcc0c234E,BFS_L0,5
DFS,0,_ZN17rustc_driver_impl14describe_lints28_$u7b$$u7b$closure$u7d$$u7d$17h9cbc001fa25473d4E,DFS_D0,5
DFS,1,_ZN17rustc_driver_impl6pretty10get_source17hc64a357ac89257bbE,DFS_D0,5
DFS,2,_ZN17rustc_driver_impl6pretty14write_or_print17h21302716f851fd1aE,DFS_D0,5
DFS,3,_ZN17rustc_driver_impl17parse_crate_attrs17h217b7d38e290cad0E,DFS_D0,5
DFS,4,_ZN17rustc_driver_impl14describe_lints10sort_lints17h097ca1b5ad0e3892E,DFS_D0,5
DFS,5,_ZN17rustc_driver_impl6pretty5print10__CALLSITE4META17h4d28e2e76aa0c73bE,DFS_D0,5
DFS,6,_ZN17rustc_driver_impl5usage28_$u7b$$u7b$closure$u7d$$u7d$17hc98d17dbe27e291cE,DFS_D0,5
DFS,7,_ZN17rustc_driver_impl4args8Expander3arg17h59b566ed76c465f1E,DFS_D0,4
DFS,8,_ZN17rustc_driver_impl26show_md_content_with_pager17h6611f8c74e9aa51aE,DFS_D0,0
DFS,9,_ZN17rustc_driver_impl20ice_path_with_config10__CALLSITE4META17h0d76737c873e9ccaE,DFS_D0,5
DFS,10,_ZN17rustc_driver_impl5usage17hc3a602a1a507e39dE,DFS_D0,5
DFS,11,_ZN81_$LT$rustc_driver_impl..TimePassesCallbacks$u20$as$u20$core..default..Default$GT$7default17h3412dbc39ccbac84E,DFS_D0,5
DFS,12,_ZN17rustc_driver_impl8ICE_PATH17h2daad94c63ceab7cE,DFS_D0,5
DFS,13,_ZN17rustc_driver_impl20ice_path_with_config28_$u7b$$u7b$closure$u7d$$u7d$10__CALLSITE4META17hca08a18d60ba3c87E,DFS_D0,5
DFS,14,_ZN17rustc_driver_impl14handle_options3unw17h1c5256d23a140031E,DFS_D0,5
DFS,15,_ZN17rustc_driver_impl14handle_explain17h55f4c157236ede32E,DFS_D0,0
DFS,16,_ZN17rustc_driver_impl12run_compiler28_$u7b$$u7b$closure$u7d$$u7d$10__CALLSITE4META17hdad3cfaf039e963bE,DFS_D0,5
DFS,17,_ZN17rustc_driver_impl11make_output17h87b35194011778c7E,DFS_D0,5
DFS,18,_ZN17rustc_driver_impl14describe_lints28_$u7b$$u7b$closure$u7d$$u7d$17hceeff1c5d3369b6fE,DFS_D0,5
DFS,19,_ZN76_$LT$rustc_driver_impl..args..Expander$u20$as$u20$core..default..Default$GT$7default17he16e3e1d7a0c5ec6E,DFS_D0,5
DFS,20,_ZN17rustc_driver_impl12run_compiler28_$u7b$$u7b$closure$u7d$$u7d$28_$u7b$$u7b$closure$u7d$$u7d$28_$u7b$$u7b$closure$u7d$$u7d$17hef4a494cf3c55a0bE,DFS_D0,5
DFS,21,_ZN17rustc_driver_impl10make_input17h2c7b3c7a01879094E,DFS_D0,2
DFS,22,_ZN17rustc_driver_impl14handle_explain28_$u7b$$u7b$closure$u7d$$u7d$17hfda852e19d4e3562E,DFS_D0,5
DFS,23,_ZN17rustc_driver_impl4args8Expander9read_file17hd97d3ec3f5534086E,DFS_D0,5
DFS,24,_ZN17rustc_driver_impl6pretty5print10__CALLSITE4META17hdbea5b64a4514db5E,DFS_D0,5
DFS,25,_ZN17rustc_driver_impl16print_crate_info28_$u7b$$u7b$closure$u7d$$u7d$17h7e5580ad75734316E,DFS_D0,5
DFS,26,_ZN17rustc_driver_impl6pretty5print10__CALLSITE4META17h0fc16022bf0afcafE,DFS_D0,5
DFS,27,_ZN17rustc_driver_impl14signal_handler16backtrace_stderr17hed16e73d970b4f40E,DFS_D0,5
DFS,28,_ZN17rustc_driver_impl20describe_debug_flags17he30c655198124857E,DFS_D0,5
DFS,29,_ZN17rustc_driver_impl6pretty5print10__CALLSITE4META17haacd606a6ff44d56E,DFS_D0,5
DFS,30,_ZN17rustc_driver_impl4args8Expander6finish17h6bc99b9c96426224E,DFS_D0,5
DFS,31,_ZN17rustc_driver_impl15print_wall_help17h8273d3789145978aE,DFS_D0,5
DFS,32,_ZN17rustc_driver_impl10report_ice11FIRST_PANIC17h45d24472886fbeadE,DFS_D0,5
DFS,33,_ZN17rustc_driver_impl6pretty5print10__CALLSITE4META17h6c182320991ca160E,DFS_D0,5
DFS,34,_ZN17rustc_driver_impl6pretty5print10__CALLSITE4META17hf4de87750bdb0008E,DFS_D0,5
DFS,35,_ZN17rustc_driver_impl6pretty5print28_$u7b$$u7b$closure$u7d$$u7d$17h41d64b8e087c4cb0E,DFS_D0,5
DFS,36,_ZN17rustc_driver_impl12run_compiler28_$u7b$$u7b$closure$u7d$$u7d$28_$u7b$$u7b$closure$u7d$$u7d$17h30109e64a399165bE,DFS_D0,5
DFS,37,_ZN17rustc_driver_impl6pretty5print10__CALLSITE4META17h08d73cb47e03ea49E,DFS_D0,5
DFS,38,_ZN17rustc_driver_impl38warn_on_confusing_output_filename_flag17hf1e471d3d3635a57E,DFS_D0,3
DFS,39,_ZN17rustc_driver_impl16print_crate_info28_$u7b$$u7b$closure$u7d$$u7d$17h861fb776b5351bbcE,DFS_D0,5
DFS,40,_ZN17rustc_driver_impl12run_compiler28_$u7b$$u7b$closure$u7d$$u7d$28_$u7b$$u7b$closure$u7d$$u7d$17hec5a27431aa5b775E,DFS_D0,5
DFS,41,_ZN17rustc_driver_impl14describe_lints16sort_lint_groups17hca8852de193b033aE,DFS_D0,5
DFS,42,_ZN17rustc_driver_impl6pretty5print28_$u7b$$u7b$closure$u7d$$u7d$17h3abf1387bcc0c234E,DFS_D0,5
