decoder_name,address,spectral_components,monster_correlation,decoded_count,potential_decoders
_ZN17compiler_builtins4math9libm_math4arch3x863fma13fmaf_fallback17h228d078d12361417E,bfa01c0,24,8.5490,100,67
_ZN67_$LT$rustc_public..ty..ConstantKind$u20$as$u20$core..fmt..Debug$GT$3fmt17h20ce3a4e0d4c0396E,42412f0,45,8.7169,100,67
_ZN17rustc_driver_impl10make_input17h2c7b3c7a01879094E,4265e70,224,10.3988,100,67
_ZN17rustc_driver_impl11make_output17h87b35194011778c7E,4267250,40,13.4392,100,67
_ZN17rustc_driver_impl14handle_explain17h55f4c157236ede32E,4269c30,241,11.3723,100,67
_ZN17rustc_driver_impl26show_md_content_with_pager17h6611f8c74e9aa51aE,426fe80,359,10.6432,100,67
_ZN17rustc_driver_impl38warn_on_confusing_output_filename_flag17hf1e471d3d3635a57E,4271320,223,11.7377,100,67
_ZN17rustc_driver_impl28get_backend_from_raw_matches17h35bd5ae9bb8dcc0bE,4271010,98,11.2063,100,67
_ZN4core3num23_$LT$impl$u20$isize$GT$16from_ascii_radix17h40f6ff38e69b45beE,4272460,343,9.7032,100,67
_ZN18rustc_query_system9dep_graph5graph12DepNodeIndex8from_u3217h26ddb222dd3f2fe8E,4273e70,7,10.1165,100,67
